source,model,storage,lock_status,price,condition,url,timestamp
ebay,iphone 13,128GB,unlocked,292.99,Very Good - Refurbished,https://www.ebay.com/itm/354393355064?_skw=iPhone+13&epid=11049276145&hash=item52837d7338:g:DDcAAOSwEjhjcrCI&itmprp=enc%3AAQAKAAAA4FkggFvd1GGDu0w3yXCmi1cnyqlS8dLziXa4X9lih1ma%2Fz4zeSYXXqOusu5KGf1UNFfzTkXfxT8L5T7b1GMRe1ROxVnji%2FXl5vhPcT7M0M9y0B2TTjD7YGL8--UhDt5%2FQO015maB1k%2Fk7Ik8Uwq23uG%2FW5ts0hOhvMAznUh94nEAMuEGI%2FZ7IzEODo7%2FRI0cytsOOigc5sacBooBQTJ%2Fw6sHtXVk9VRgS1E51W6qUYdarwXfDsS3tx%2BxyMPCkr3b5KdE5gb9TsOFyzv83bjLAshLUpt55cGyA8DGZgL4xwUY%7Ctkp%3ABk9SR7Sh1tjqZQ,2025-06-09 12:34:09.329641
ebay,iphone 13,128GB,unlocked,299.95,Excellent - Refurbished,https://www.ebay.com/itm/404240045218?_skw=iPhone+13&epid=8049288614&hash=item5e1e9594a2:g:~z8AAOSwVZxkNGTt&itmprp=enc%3AAQAKAAAA4FkggFvd1GGDu0w3yXCmi1fH6fQV1fRukXnZLc4a%2BDwrjc5q6P7sqXSEHtyX3lKsXdQk4ltXNsG%2FHTPoQf%2BuAJC3KDAG6phOG1liNzjuBaVJcheZykxa%2FuED8%2BxqyFyjFWuZfxinwsImD4r8D3a8PNEVJ%2Fs9kzuEdXoRLSe0hKfv9DQ7AtzJcAjFrr1J78%2FzgackB0mUD%2B6vSNP%2BDGADznzcpgkJBHaycbDPmfVl6rEhJft4EQRZadl9EIii6Z3mhpN2UYe%2BHeFZqoD9L9kXfDfbuEFH4VNSna3DSoS83%2Fp%2F%7Ctkp%3ABk9SR7ah1tjqZQ,2025-06-09 12:34:09.332716
ebay,iphone 13,128GB,unlocked,290.99,Excellent - Refurbished,https://www.ebay.com/itm/256350256024?_skw=iPhone+13&epid=11049276145&hash=item3bafaa7b98:g:l5AAAeSwKmNoPGVS&itmprp=enc%3AAQAKAAAAwFkggFvd1GGDu0w3yXCmi1dleGoFnNMQE0P4M4saTrl7famMQo7ubpNwIg9wJWtIQwsE6flm4HPZKYj791jUuBjoILlwK5rVujVf7hyWFCFdHUqIMlzXB15k5%2F8difqyiaUicobVKCBMbwIz2QwuWcMCTqYJF3YVdyrChFshI%2F%2B9YqLMOQOy0DQiULdJtP5TO%2FOQTvdIAkVdt6foq5COQcGsCg7f6DaPrYSBcBCSN73Rid8vVqfD4llfwiVvG1kF3Q%3D%3D%7Ctkp%3ABk9SR7ah1tjqZQ,2025-06-09 12:34:09.333716
ebay,iphone 13,128GB,unlocked,259.99,Pre-Owned,https://www.ebay.com/itm/226415688103?_skw=iPhone+13&epid=11049276145&hash=item34b76d39a7:g:sMQAAOSwcSFkCfCZ&itmprp=enc%3AAQAKAAAAwFkggFvd1GGDu0w3yXCmi1cZBLkjQ2TWgmuPAjV660wdfNgrMKJ53nOWS%2FFulkAyCdgEa%2BumY5IKOVxELEzVxDlUU3CqOwxBo1b2S0VN0q%2FtmcSR8T4iyEUh%2FldKLTNycQ8XXka7Lxk3QZXcFI1aKP5azFE8XPdhqIwUmnACnXL%2F5rhJboigysLNQsiC9NMoKsdhg%2BAkMP51uMTZ%2B6%2BISb4gy%2FDXDpvdwobzV5NIg5slRelnvXI7qDsSLGeYSqPNgw%3D%3D%7Ctkp%3ABk9SR7ih1tjqZQ,2025-06-09 12:34:09.333716
ebay,iphone 13,128GB,unlocked,293.99,Excellent - Refurbished,https://www.ebay.com/itm/325894456782?_skw=iPhone+13&epid=22049282568&hash=item4be0d2c5ce:g:sdAAAOSwSg1lxQpl&itmprp=enc%3AAQAKAAAA4FkggFvd1GGDu0w3yXCmi1dhHeP1Fw2kBUFMOSq8aqH676E8MnBXDLZEzgmgIjOGR4iwabi6Q%2FPZ6a5tgTo7NV4OfiaWaWFlzIsEFKCJdwjkw2SZqmRfAKI8I4ll2VQqk%2FG%2B2DJeVoR37dOzPyRvZq3cDtAmBbYuL8awjCXoOcMGNjmkG4EYYnDvNRibCwPcVLHyPsmJZd4SpPwX8syjWu6RdBUeT5BVBHMEB%2B62AJzdTj0SS3BK54lsQnyM%2BYLFY8K%2BZnEEQbTI9Fd1LY%2FeUF6l5ZG6pYs4ZiMnnvRfMa4k%7Ctkp%3ABk9SR7ih1tjqZQ,2025-06-09 12:34:09.334750
ebay,iphone 13,128GB,unlocked,325.0,Open Box,https://www.ebay.com/itm/167480640408?_skw=iPhone+13&epid=11049276145&hash=item26fe9fc398:g:1owAAOSwiy9oDm2o&itmprp=enc%3AAQAKAAAA4FkggFvd1GGDu0w3yXCmi1eEdCT8JxBvEBjp3Yl80mYPrrJNgaMwAMJ9PNzL%2BJ%2Bt0vp%2FaC9bJP3fRnmq7p2lE3jFfRAwNREBQWRJZVyug2lIcYesjaaJl6nE1k0PLO%2BftxatjT7E4evmCHfORsc6LCZxR0oNo28hQKA2S6bUy6GKISc9CMAcv1BCtLcwu%2BXimjDNqiMuxNZbmprLRw8tSKMk%2FcZ8BbSdSnSTOb3bSHXK1RrHpC50Q3Abas70kNSclZBUGQ8Sq23kqIA11Z8lgZ5UAJwEXX4ZY6Fh81vcgeHR%7Ctkp%3ABk9SR7qh1tjqZQ,2025-06-09 12:34:09.334750
ebay,iphone 13,128GB,unlocked,279.99,Pre-Owned,https://www.ebay.com/itm/235791015716?_skw=iPhone+13&epid=22049282568&hash=item36e63d5f24:g:sMQAAOSwcSFkCfCZ&itmprp=enc%3AAQAKAAAAwFkggFvd1GGDu0w3yXCmi1dSs4T7ZHW%2FR%2B1xhEX8Xi1IRSft71FALM%2Ff%2BvUwL2YRDqMZT%2BLWLaPN3LQgZKfdGpbuQvNIXpLmivFTRelrTG39ZoZ8gL44i5aEaKG8leJ8bln9sgvBPFcv8Q6ldty3jddq8%2BL3FWEvWQdGhcrqgxYbTKQQjv73lriur0MUJjdci%2F3EjSl7syLDK7%2BK1eKmqbcGjKJy7jY90srpak4ysSCt%2BotmK6Un5ghMvoOOz8wmow%3D%3D%7Ctkp%3ABk9SR7qh1tjqZQ,2025-06-09 12:34:09.335751
ebay,iphone 13,128GB,unlocked,286.95,Very Good - Refurbished,https://www.ebay.com/itm/404240048516?_skw=iPhone+13&epid=22049282568&hash=item5e1e95a184:g:L38AAOSwjZ5kNFYd&itmprp=enc%3AAQAKAAAAwFkggFvd1GGDu0w3yXCmi1fBgXqAdfhk9VZWcP%2BQu0wK1XelxZw8BfoyaCoWDT5e%2FW2CKt7pEpFrQs%2Fw0bI%2F2N9%2FgGWdRJi9bN61zHetB1waAyVwBXWXEP0g2TXEHL6WYtMFLp%2B903c4TaHpRqV8HHehb8sqpu7FnWym05f%2FdFZPsPomHzpICMeONqkv8EhxfUn%2B7cjpGrjZuDGPKMzANJSXbrI9Zn9dzAEkixcuD%2Ftc%2FwKlQyb4lBvGwWww0TuFxQ%3D%3D%7Ctkp%3ABk9SR7yh1tjqZQ,2025-06-09 12:34:09.335751
ebay,iphone 13,256GB,unlocked,317.95,Excellent - Refurbished,https://www.ebay.com/itm/386511533624?_skw=iPhone+13&epid=2320328674&hash=item59fde1f638:g:~z8AAOSwVZxkNGTt&itmprp=enc%3AAQAKAAAAwFkggFvd1GGDu0w3yXCmi1fAacKu%2BhZ%2BjYBcfWeJpNQPUklIuCCFVcLYFxCx8XMGsumGuUaOXJ01IcuCxLo4hjlT%2BeOX2GHVLc5K%2FkhBdzEvDRhseISBO0bIo3hNcQvKreKfdomjudf1dF7kGO9WDqXsq44CeQKVCqcNySmQi25rZqMUoDDEtE%2BhJSdwv%2FWPJynSmyC9vJeaVP43Fe6z7pIbG%2Bc83oJKn4UPypOoERdrjxuo%2B%2F3n1hKsgL2%2B3GFoQQ%3D%3D%7Ctkp%3ABk9SR7yh1tjqZQ,2025-06-09 12:34:09.336750
ebay,iphone 13,128GB,unlocked,247.5,Pre-Owned,https://www.ebay.com/itm/286636376931?_skw=iPhone+13&epid=7049287412&hash=item42bcdc0363:g:v8kAAeSwhjVoRsC1&itmprp=enc%3AAQAKAAAAwFkggFvd1GGDu0w3yXCmi1ez8uXgIwPPT8Uo%2FttMP%2Famc4x%2BI1AyDY%2FLpdSnqVCaaSJcKfvA0lgTv95fo4nPgyhe7tyvCk3J9bfyOGysBoweDzGLxEbqqv1bqNB8oWnVs9dSrSREow%2BoNBVANf50vqJC3xXwwfX1ZwCsfOKJj1Drsv%2F6OQZtB2nZ0sfWuH%2BZAvKl9YZ%2ByoRTII9YLFEar9gQOD7H155BNL8Mbk2SMkgOq15nAlNzMVEB6RS7qkl2IA%3D%3D%7Ctkp%3ABk9SR8Ch1tjqZQ,2025-06-09 12:34:09.338779
ebay,iphone 13,128GB,unlocked,258.0,Pre-Owned,https://www.ebay.com/itm/115970747049?_skw=iPhone+13&epid=11049276145&hash=item1b00652aa9:g:Bg4AAOSwTBtlTRxT&itmprp=enc%3AAQAKAAAAwFkggFvd1GGDu0w3yXCmi1ea3%2F6M2rHDDjVzaSS6pSS0vpmfte233s0e6GbUC6tUcBa%2FtKqsx%2FTFIhKOAbrzWoDP5c0yYOwUupbKRQVvIuLCwcSKJ6aHEzwBon4WojBVVS5gjimM%2F0gBLYetEtE0%2B7RGGjChuUkqFVLIHfFU7%2BD%2BTOnEHmheAldn48rf89xIvRbIVdJFr2Y2PhErj%2FkUr5mdgSXVDnAA8i4ukAcI%2B2G%2Fvrx7cGExwAmFzpnFMLVPKw%3D%3D%7Ctkp%3ABk9SR8Ch1tjqZQ,2025-06-09 12:34:09.339832
ebay,iphone 13 pro,256GB,unlocked,400.95,Excellent - Refurbished,https://www.ebay.com/itm/386146593917?_skw=iPhone+13&epid=2320328612&hash=item59e8216c7d:g:V7EAAOSwbhFjLLxB&itmprp=enc%3AAQAKAAAAwFkggFvd1GGDu0w3yXCmi1dAWpYDxgYFpHnEBfFeJRkLLc9j0s1xbRBgY4HHnY94jKw1V%2BwXhw5TLQtnUdHqTebgPBVnBgWr7WNNzDAviXrRJrSySqCZ3NV5yccL%2FBAIP521vBsXdDA9idrr3ug0IyTBtJkkEL%2FDQwm%2BBNJfjwVVu7VW7LBhvsXQrbpomL5JP1v%2F1omLmvXX17jMaOex5DmttHvS5hFSvmga3kE47TdXfFQdTxzRrH8fAhb4KdUBcA%3D%3D%7Ctkp%3ABk9SR8Kh1tjqZQ,2025-06-09 12:34:09.340838
ebay,iphone 13,256GB,unlocked,309.48,Excellent - Refurbished,https://www.ebay.com/itm/127104418736?_skw=iPhone+13&epid=2320328674&hash=item1d980383b0:g:UQQAAOSwj2VoH7CE&itmprp=enc%3AAQAKAAAA4FkggFvd1GGDu0w3yXCmi1ev0KcGYd%2BErigsmN5b%2FZC1e4vM65uImI9x9nLpSB3dniCpEks8s03oR5rbiaaachMder7WpMcsLh9wgKl5iAb9DNWiY%2FIQ4mB6iEooGm5cI50LTEsX3%2BNNr1gdzjRACK50%2BEgGAclYO3nm8SK7CnLd2icDrZzAc90JgnwvzOL%2FC4M9uelidVN4ReCSlGkzT0U8eeHRCwF7YW9SOrp8rt7QfUgV9w5xTV7EwfLxooToMl6eodz3cAb6K3wf8f9cqmbruhZZRiM1ZBruXyu5GFNb%7Ctkp%3ABk9SR8Ki1tjqZQ,2025-06-09 12:34:09.340838
ebay,iphone 13,128GB,unlocked,285.0,Pre-Owned,https://www.ebay.com/itm/365658659318?_skw=iPhone+13&epid=11049276145&hash=item5522f459f6:g:fvUAAOSwOLNoRcSl&itmprp=enc%3AAQAKAAAAwFkggFvd1GGDu0w3yXCmi1cYgXc2XdwgGZYdKoh%2FrpBmu4IReFE1zMM1%2BV0nKpaiaLuOgluPRLaHbGKdodNt4quq99KyoFDMeadC0Gq9NMJuZUDB2lnGiuBfBH2q%2FtzwSC57RIPwtZ%2BDSnOeMPb%2BNjwfWbv4hC4lW%2BQ443VsXi0ds3fBsRpL5iA8ofzHkGNGyiUjopDzZoB5PGlVtNFXjm8AGTP09S6euR1jj%2BCb%2FswR3TMaw9ef%2B7kS2vVEonbr2A%3D%3D%7Ctkp%3ABk9SR8Ki1tjqZQ,2025-06-09 12:34:09.342035
ebay,iphone 13,256GB,unlocked,302.95,Very Good - Refurbished,https://www.ebay.com/itm/385780950444?_skw=iPhone+13&epid=19049287637&hash=item59d25625ac:g:L38AAOSwjZ5kNFYd&itmprp=enc%3AAQAKAAAAwFkggFvd1GGDu0w3yXCmi1fqmGQT7yhuuG1REmaeCpakj9guehp7KnCvffLvyo5Bt203UUb%2BIdEAjkeCXzm3Cze59no%2BGZg7mBIwXxiczzkrm7kFap5f%2BPJI%2BcD02zhWyLNIFeVxFjGH2u1AUFJlqkIl%2BZKH0ynZGODzmhao3X1PCFdRs0iOU9BTAE5a2qNPkp9L2OugpRdWBNRob%2FHgXOgOet0c9UeBT4HaYHfemkp9Si5KuJbtqgLwRkGUXNy4Kg%3D%3D%7Ctkp%3ABk9SR8Si1tjqZQ,2025-06-09 12:34:09.342035
ebay,iphone 13,128GB,unlocked,285.99,Very Good - Refurbished,https://www.ebay.com/itm/226523060489?_skw=iPhone+13&epid=11049276145&hash=item34bdd39909:g:uVoAAOSwNx1lxQnL&itmprp=enc%3AAQAKAAAA4FkggFvd1GGDu0w3yXCmi1cspnp09sb%2BfiY59RWtIAKWutGoOsBnSf2zDuC%2Bg6pBWH%2FrwK9MtLT2N%2FLE5nsJ%2BBZIToqn%2FFE91sxXOXe1ixhRWXVfpX%2B6RxY9cyzuq%2F2ZG0Bv2uAXwEQx6owGUlbDCff7d3AaqI%2BClCd%2FO%2BP86iQDecY2VEYXVOc7F5TUXs8WzvFhbfIPR%2B3kxOBoKX%2FLothmZF9gJ4t603brRBk9H6uPLUg8kS05qoyVxcGvYpV%2BhpVF4CtvULVVKz9%2F9HDjLp2sW7CAi5NmubUE7iC8oayO%7Ctkp%3ABk9SR8ai1tjqZQ,2025-06-09 12:34:09.343171
ebay,iphone 13 mini,128GB,unlocked,334.99,Brand New,https://www.ebay.com/itm/306216414602?_skw=iPhone+13&epid=5049289969&hash=item474bebad8a:g:CmwAAOSwtGdmXwkk:sc:ShippingMethodStandard!46256!US!-1&itmprp=enc%3AAQAKAAAA4FkggFvd1GGDu0w3yXCmi1d0ff%2B3Zhbg61IVa7MXP1r88GrbLHQM%2FOqPW%2BKV4ZMEb%2BXrOBUmjkQSVpwk%2BuqNYWltNUDe0ihJQbGwu182CWvaZitJh3WT0UtaO6R5EYbfLvtVVbm1WkXryhGwfCD8vpgxBBMp6CY6ejC9DAHM2J2awB1uJcJXmLYgrt3mohD91doNU%2BJvXRmwPukmJ0XNduN6uPz4nrf5S5QQ4BucV%2B3WhpGnll1qjnWfk5OwAW1KWDPJqXLxjgIC2%2FIWSZ61OeY%2F4nqMJsa6ucF7XhMvGJCa%7Ctkp%3ABk9SR8ai1tjqZQ,2025-06-09 12:34:09.343171
ebay,iphone 13 pro max,128GB,unlocked,474.97,Excellent - Refurbished,https://www.ebay.com/itm/354393373290?_skw=iPhone+13&epid=25064991467&hash=item52837dba6a:g:h0wAAOSwbgxjcrWD&itmprp=enc%3AAQAKAAAAwFkggFvd1GGDu0w3yXCmi1dYE0OXZXOSxOn3ShGmnCVGpUrgOxSlyXRozzt8TTzHh7a%2FAj%2F%2BHC66yNZOxv2Rt4R%2FSAt617y8%2BYOh9RiYSgLU9B0FzKTb433fETfeEk6iYzy6TMDKb1Lcxqi37klEFl8LV5QUOyCCwftHeYrAzH1Jnzucb4PCq56wQ2vmr83sz1EczAHQmUm1gk%2BAHSdSi5kyDFu0vMyg2OqijJIRUTYm147iPmrSKWT0KNmGZhspaQ%3D%3D%7Ctkp%3ABlBMUMii1tjqZQ,2025-06-09 12:34:09.344410
ebay,iphone 13 pro,128GB,unlocked,393.47,Excellent - Refurbished,https://www.ebay.com/itm/356348416328?_skw=iPhone+13&epid=8072579682&hash=item52f8055148:g:DUEAAOSw1pdnU4Mq&itmprp=enc%3AAQAKAAAAwFkggFvd1GGDu0w3yXCmi1fYcVWF7RzIBzaCIXrUBipN51JYeEJ2Qd%2FRrsE%2BRWlnn9Bk8ZOkaHkL1VtQMCKsthUvsnQoLzJnk04Ni1EQzJxN0bc5u52CH7LzsQhx%2BCSBkwglXZ4wE5h7kYuK5nq4BtlIBeY7zTg4jkeYVIT1EdgK2QJCIyQ9H25GYPvfX4ItEZNnKdPUYBQwSHp82J3Dy%2B379lnKYU7BDlto9bVZN3e38xFQ4PS1Il6fuL%2F4DWt31w%3D%3D%7Ctkp%3ABlBMUMqi1tjqZQ,2025-06-09 12:34:09.345619
ebay,iphone 13,128GB,unlocked,254.0,Pre-Owned,https://www.ebay.com/itm/235414341617?_skw=iPhone+13&epid=11049276145&hash=item36cfc9c7f1:g:IZ8AAOSwPidlaNV8&itmprp=enc%3AAQAKAAAAwFkggFvd1GGDu0w3yXCmi1dN5IB53ln5sOLE1bkgxgKBqbUR1IfvQsO311oHDyACF3jU%2FabQ0kBt2%2BbrqHeQX7KSK9yvyAVI24IiEQFYHoMAoYIzE3a9cpcNX2vGn0LNFayl6HgYMcRICgegc%2F8iHnx%2BGoOvAKjTb9tAXora6RzQ9y70rd5hZbhZE72S6iXJjbH%2BnJVldC43NHXFrdgOXuKICJwqB1wFrwHjUYM7zAVk%2FAB%2BUsiPIn2zC8HV251ptQ%3D%3D%7Ctkp%3ABk9SR8qi1tjqZQ,2025-06-09 12:34:09.345619
ebay,iphone 13,128GB,unlocked,374.99,Brand New,https://www.ebay.com/itm/305578481142?_skw=iPhone+13&hash=item4725e595f6:g:amIAAOSwEyZmTNl2:sc:ShippingMethodStandard!46256!US!-1&itmprp=enc%3AAQAKAAAA4FkggFvd1GGDu0w3yXCmi1cX1nolYI1W7lMbTjCKDmOn2uHzraTycousZ2VXBtyKuymM578G9r5LBemUyqfuYHCn26F%2F5cs0xBA2FtkUo8H23nNcSNbwXU%2FQfJqZytvmMrNtC39AjqqtFdyC5TyYDde62sK21F5tHgzr%2Bcb6PPavQGLCY%2FiBH5uiwBXfrf%2FMi9Qt%2FKYDymvukHSiJQWcHdxZIkTV4O6ynllCn2YcyE7E0zNUWFvf089fH6W%2FlxzoUSQytEXthegMPlDbKQVeRsmoT6bIeiGwvUD047vln9jT%7Ctkp%3ABk9SR8qi1tjqZQ,2025-06-09 12:34:09.345619
ebay,iphone 13,128GB,unknown,194.95,Good - Refurbished,https://www.ebay.com/itm/127060017547?_skw=iPhone+13&epid=7065012663&hash=item1d955e018b:g:WfMAAOSwiZxoANEq&itmprp=enc%3AAQAKAAAAwFkggFvd1GGDu0w3yXCmi1diBj5Wxu2HUbryc%2BdYDFxH%2BhUH%2B%2FLR%2FYyWZTrf539o5vzAKaZjA82LtMe9VWp%2FFMCk8H5Ne%2Bu6XcLL6F%2BqHFrqMKcX9dEyD7akBpDqrBsXg4PtDOhBe4cc0G4gmXhRHqoAeelW%2FizMuL%2F323cyPvu2hy%2FFy%2FDQBktdBJAbNvYbmJ4UxM%2FsgXBc2VhEjFj6889ozgp9R7lQSiQcobkqfBe1BfRwyNqL2wSpV3DrCfVXHA%3D%3D%7Ctkp%3ABk9SR8yi1tjqZQ,2025-06-09 12:34:09.347084
ebay,iphone 13 pro,128GB,unlocked,380.01,Good - Refurbished,https://www.ebay.com/itm/354954083469?_skw=iPhone+13&epid=26049290840&hash=item52a4e97c8d:g:YVsAAOSw69hkyZy9&itmprp=enc%3AAQAKAAAAwFkggFvd1GGDu0w3yXCmi1fi9NmT0zmEBzXewk5fWHRKA9%2F0zh3LzgDpogTWYiwY3xYga4Rc2N8aIM0rl4j84GtZjBcdPDd2Unixze1V4SywmWbEEr6%2ByS5vazgHxexPxdIJ2oSCv%2FaeLR5uSzDZ679tQXDJtjsh65wjw0lFWuwDFNfVjBZkrByZWgT7cfoXakUORQoCN64ke%2FdXjXwH%2BS5Q%2BTxjgdQMKzuzUb0eEjoEO%2BTWRLpMksAhe0OlO6nZYA%3D%3D%7Ctkp%3ABlBMUM6i1tjqZQ,2025-06-09 12:34:09.348117
ebay,iphone 13,128GB,unlocked,269.99,Very Good - Refurbished,https://www.ebay.com/itm/186649931979?_skw=iPhone+13&epid=11049276145&hash=item2b7533f0cb:g:5uUAAOSwA3lmyNCB&itmprp=enc%3AAQAKAAAA4FkggFvd1GGDu0w3yXCmi1cTWJkH%2FbS18mqdRXn5iqNnq6ezEBSb2DIFg6bdePKnxfiQ%2Bi2MVFMCimgwroeitHtPE6M4ZhZBZjIcZm%2FFWhygpfC%2BQFpiExHP75Zz1ypJd%2BLfOhhCJYA5rdusqyVWRmyf2frpfYcKZZASsuX9Y%2Fth%2BVqg5zTuYcdqlG9E2PiZz2QmL2uKWRP14TJH7kR7UBwvweQtTUXXTD3S4AKm8d17g%2FnJS%2Fr9yIvFH%2B2RTNyg7H8Lc81oC1PMs%2BXqQ9KMt9E81AMYZr1qU6gZ4po%2FBThR%7Ctkp%3ABk9SR9Ci1tjqZQ,2025-06-09 12:34:09.349115
ebay,iphone 13 pro,128GB,unlocked,367.99,Very Good - Refurbished,https://www.ebay.com/itm/225880167639?_skw=iPhone+13&epid=26049290840&hash=item349781d4d7:g:d0gAAOSwHZhlW73q&itmprp=enc%3AAQAKAAAA4FkggFvd1GGDu0w3yXCmi1feEpI8KgoSTb6XyFYIuBzZHbgry8wJyZcioOKBrtJ5KpU9EEi4ljrd%2B5lApu7SsYqzd26ZpUnlIY%2FVzPnhRc56b9UH%2B%2BnZ4oTYSKOuikOEVWtRLGt9GpmBhK92qGQFtWfERMSM95UEYDvU9lrTeIi02v1CVvuMS%2F%2B4sFS9pjJ15xjzAd5YH34%2Bh0dP75GX5RQrCC4QiQlvoVW13cnVKC64cHUNStV60ikIZNf3xTwR6o%2FRD0pOehBSPYFXVg9XXQNFkt0womg7Qe%2FpAzlx1LDB%7Ctkp%3ABk9SR9Ki1tjqZQ,2025-06-09 12:34:09.350116
ebay,iphone 13,128GB,unlocked,339.95,Open Box,https://www.ebay.com/itm/267228848312?_skw=iPhone+13&epid=11049276145&hash=item3e3814a0b8:g:VZ4AAOSwE4pnyLvz&itmprp=enc%3AAQAKAAAA4FkggFvd1GGDu0w3yXCmi1fQh91ruxjRMjKVuw9LH46Lh6Ql8LAi5vX8was64yDhbrttspFtr8JTkqjggXhSNh9icxFrUSmoCJw7REgDI%2B7buAcJvc%2FtUhIpw452hWvrZVrpSgDLOBv6qw7qUJhSCkC3%2Bk%2Ffo1dOJfB%2FOKCuICksLcbAqi%2B00FLr69l0LmhrQivDqvWwD0gfrStM2Li8xS04ArxyHKd2el4tn76xdFwOiyy7OzMKm6Pf6a5pzxj8BeHIjR2OpSk2vBPLwSKN9ltYAKyFACiUlLp17vhlCsk3%7Ctkp%3ABk9SR9Ki1tjqZQ,2025-06-09 12:34:09.351119
ebay,iphone 13,256GB,unlocked,317.99,Very Good - Refurbished,https://www.ebay.com/itm/356467470788?_skw=iPhone+13&epid=19049287637&hash=item52ff1df1c4:g:fDkAAOSwmNNnhp0I&itmprp=enc%3AAQAKAAAAwFkggFvd1GGDu0w3yXCmi1e%2F2zTJZJBvb%2BFsP%2Bo4ZHVM5jm5aEeS%2F%2BnTKK%2BxEeeeu0aptPQHXci0JuqBIoKZQ0wwrDaEZEXWyifNBlXjOSQzABVkDY06IpUEHuV4elvZDxm3SlkSUaUK30toF5PCH1bUUIojyF49B6Q7tHoN5nqNrFC8CuXx83xVQB%2Bcfk4l%2BdkSgBiZ3K37gDnzxMKvPvB%2B1C2kdRtKUYoipVELhNf72GURM9GLOxZyOzBCafNU5g%3D%3D%7Ctkp%3ABk9SR9Si1tjqZQ,2025-06-09 12:34:09.351119
ebay,iphone 13 mini,256GB,unlocked,329.0,Excellent - Refurbished,https://www.ebay.com/itm/365327388991?_skw=iPhone+13&epid=27049276496&hash=item550f35913f:g:NZEAAOSwcUFkSqcI&itmprp=enc%3AAQAKAAAA4FkggFvd1GGDu0w3yXCmi1dhn4Kt5uBJU0EV4Cfa6AG4M4dtO8ztCYVg7XHkDqku3MmwdkHfXt97VLAB0z4h2lelLgN%2BmUWnE9xTG51itibx%2BghxXbLEIrsf5%2BnSreCI6GPVhiLh2zkLXEnCXmGwxxSF7JVQTWANUOWUeCAgoOZL%2BeRSvnydpnwPFlYdIHzG9BoxZl1bW2ENJveEnmoxmtbLiq%2F7qM5ldm2e2tQEJzi17lJlPSpxHzZ%2FXhGtSDkftaH34hcYzdC497KisikCTCxJFjJa4dSu%2F2X4mO9cmOp9%7Ctkp%3ABk9SR9ai1tjqZQ,2025-06-09 12:34:09.352168
ebay,iphone 13,128GB,unlocked,320.0,Pre-Owned,https://www.ebay.com/itm/376323749865?_skw=iPhone+13&epid=22049282568&hash=item579ea4b7e9:g:F3MAAeSwYqFoLK0u&itmprp=enc%3AAQAKAAAA4FkggFvd1GGDu0w3yXCmi1dOoFoQRezz93vr7%2B2XVG1PGCW2VKQbY5fRh6bZ8CFeE3xKc8J%2FLEPsVW1cio0fwl%2BVpyaoivpO4vUZpgXsVRHctRhKkQEUhEEC%2FIeaTPD5UQ4LBwRniV1cfRgOtIsSehXSYbTAQtM%2Bg%2F35UrgtHQLiXWmCJApMlp9EjtsmP44NWJhavOR0UKh9IXWZeWv0QohgfyXM53banLdIk1cNm%2FP6fv0eWiG5le1Ib3J1E2l0n59IsZ8vtRwrXYiiFJyBnQg9acLgGvgV1LcF%2BBF%2FhvS0%7Ctkp%3ABk9SR9ai1tjqZQ,2025-06-09 12:34:09.352168
ebay,iphone 13,128GB,unlocked,411.75,Brand New,https://www.ebay.com/itm/256788383197?_skw=iPhone+13&epid=11049276145&hash=item3bc9c7c5dd:g:1Y8AAOSwMTNnjRn5&itmprp=enc%3AAQAKAAAA4FkggFvd1GGDu0w3yXCmi1fmRQliJyNt3pQxDwPYqg7m0EizpJcnLMChcBQo2RyOCsS6J9mWKeWSKjiM7cRkXi2WiZ1lzG9aBlTtJAwVRSTbmTKDkxkwqYx2ZLDdurBdyVoXsVMdued%2FCe1TJzDhPDS8l6uUhrPb6GlEZl1l4KyXLMDorJeeZaXFwJa2u%2FXmEfyJbzbqJl--eHYr3lt7bh%2ByHvuYizdAYjZPhB1MxeFVaXizcnzpudt9OKEtPz7dPcW8naoMU5kcv3lm2ooSrrIrEPjmfjOFrLEhdgpEoit5%7Ctkp%3ABk9SR9ii1tjqZQ,2025-06-09 12:34:09.353162
ebay,iphone 13,128GB,unknown,251.95,Good - Refurbished,https://www.ebay.com/itm/197324862706?_skw=iPhone+13&epid=16064993658&hash=item2df17a74f2:g:BC0AAOSw2pBlU3Wp&itmprp=enc%3AAQAKAAAAwFkggFvd1GGDu0w3yXCmi1cWxSv%2BsP4bzeRPvLisQzPbo7GiyyALjjtLaVBOdmiacioc%2Fd0WXXAV7UZY0fNGjBkgrsOSMIEQ5i5SxnYnksOcHDdA3u%2F7ODln4eOQ81rj3yU6EbzXyb9tniq2CUyrHD%2B0KJGubJnVTTTxREqkaTJ%2BXOtogdWvP2TqOtPXPsJmF8MNSxwDQ9VG5K%2B1DSleHotaJGqqt3rkahTVH2hQ1Z9lU1wdmd3xkLhNO2r9%2B8noWA%3D%3D%7Ctkp%3ABk9SR9ii1tjqZQ,2025-06-09 12:34:09.353162
ebay,iphone 13,128GB,unknown,217.99,Good - Refurbished,https://www.ebay.com/itm/176451004751?_skw=iPhone+13&epid=15071472239&hash=item29154ca94f:g:LV8AAOSw25Bmgwh4&itmprp=enc%3AAQAKAAAAwFkggFvd1GGDu0w3yXCmi1duXTwQ5TLo9npPMgMZXmn8qy2mOpigfOY7OuPVDzURkWVC7pO6x%2FYtSf%2FAFLQhiTm7yLuMY4wy9IlRBtDatRh0Ny%2F0UNxcUwJOTT6iYjreNLGHoji6ggLDhpDPM9BFTdYfKJaRkeBXkwucHApzdzk3%2B%2BQ1G%2BfPRWU5MxcjaNXqEC5ZI%2Fv2zrmLGytjRFwXN8p0bW39yXhl3XK8XmEYmXDLoeVKwG%2BpM7pA1qAl8sLNUQ%3D%3D%7Ctkp%3ABk9SR9qi1tjqZQ,2025-06-09 12:34:09.354163
ebay,iphone 13,128GB,unknown,290.0,Pre-Owned,https://www.ebay.com/itm/396723175754?_skw=iPhone+13&hash=item5c5e8b414a:g:ZukAAeSwZ3VoRLT3&itmprp=enc%3AAQAKAAAAwFkggFvd1GGDu0w3yXCmi1eJHKVlQQpJ5y7i1V4SDOJswH3veA9UrOV9rKY3MUcZN97ztQJOnQQ0gkt%2Fzj4Sj0m9ALMtcVkt6bCeHKYqbop5v6FmmEYLmuPtr66aic4RnDRwdkWIh7eRZm8cKHqTi9W%2FgorWnzWXbjtWzOYC7C51GUgyoOLp7Yv9OWDnQsLkil7U%2FW7E3Q5MkmWIY7NtLS5GOb5cTVFRY%2BKOX6gh6%2FuvhdVWsCSqwSMKpLRAdVZACg%3D%3D%7Ctkp%3ABk9SR9yi1tjqZQ,2025-06-09 12:34:09.356435
ebay,iphone 13 mini,128GB,unlocked,251.99,Very Good - Refurbished,https://www.ebay.com/itm/256842759130?_skw=iPhone+13&epid=26049291214&hash=item3bcd057bda:g:P1oAAeSwrl5oOOLd&itmprp=enc%3AAQAKAAAAwFkggFvd1GGDu0w3yXCmi1eXv2tzMwSbjiijudi9rA3irDPNBNvdqqILdz6RQfH86qvWZLxkjXHVO305BAjDouNL%2Fq93b0cPryxOwdGWs%2BivZAqceIISpb2439ZGUTC%2BLo4bj8dvquUADxr9PCupNslegcmJ%2F9LCEpj99LoIng8mjR1X7D9k%2FZvTo3Ospa5n6Ym6IgVFTRQbaGRDgFdnzzU%2Fh155n8BWX%2FHQ0WMl0TUS1855AT%2FZRsckq64Ojl17yA%3D%3D%7Ctkp%3ABk9SR9yi1tjqZQ,2025-06-09 12:34:09.356435
ebay,iphone 13,128GB,unlocked,342.98,Open Box,https://www.ebay.com/itm/226785863998?_skw=iPhone+13&epid=11049276145&hash=item34cd7da93e:g:R-8AAOSwU5pniD0L&itmprp=enc%3AAQAKAAAA4FkggFvd1GGDu0w3yXCmi1e9A1n7AxsLyKYoHKKhdRFuHsGu8lu9MmnfkeZunSYxD1Ogma6%2FKiIMBkSsztpgMcNqndgeY9wY5665kvtq3AvZzgBgZ7NOo7x5whjzGCeQwUQgWU11pBdRY2ooYNhG0eB1s150ppz1pgupQav7FvSyjHAEL4bIxaR1MRWqTs5WLw%2B5OtGRXqIycHfLV%2BC0meoc2u%2B9%2FifBbrCqlhYHp4ZcIWg9W9EYsTsKJEnxisRPjSGggmZ0B469WXBUGR7NuxiS2GCFVMgbCzVSfAPEIXaJ%7Ctkp%3ABk9SR96i1tjqZQ,2025-06-09 12:34:09.357444
ebay,iphone 13,128GB,unlocked,309.88,Open Box,https://www.ebay.com/itm/364799860127?_skw=iPhone+13&hash=item54efc41d9f:g:t8QAAOSwXt1l-zLI&itmprp=enc%3AAQAKAAAA4FkggFvd1GGDu0w3yXCmi1cP9%2F5gfrWZB5Kf%2BVJnFsWdFsZ6t3%2FUgDDzMxEvTrsoqBpOyxbi2etXLGvHDp5Q7CpoGLbdaupTd93RkhDA0AH5XtMj6iCi%2BIb5w4fBvy2VpdXSOXdOvVXUoGcGfnATcKt%2Fs06wYrIexRMGtoItcRirkz6Pm7PK5lU4vt%2Fk0bFmFSpz5VzF5N5Fujv0lvIjLnOR5CSYF0a2EKhxC3y2aGQNRdZ8V5gn1q2VmU6FMB2q60JSrULLbeJ7tSa8CWEQgafPNWSaqrqc%2FLUnwx3o%2B3eJ%7Ctkp%3ABk9SR96i1tjqZQ,2025-06-09 12:34:09.357444
ebay,iphone 13,128GB,unlocked,308.95,Excellent - Refurbished,https://www.ebay.com/itm/326397892365?_skw=iPhone+13&hash=item4bfed4970d:g:yLIAAOSwCa9nfeyd&itmprp=enc%3AAQAKAAAA4FkggFvd1GGDu0w3yXCmi1caUKOUuVmpq1Jr0N0mjf%2B2SGjdJy913nTJdKzh%2FiGt3uJ53WKS0jfBpc6lYGnVF4dfnqaSNA%2F%2BkpBqp9nzDfCIXJZosyPav3F0wsMmpUxOZHotlXvzvphbqGfj6dHo2MwKVYPifZC4Pd83MjmbkBEnCJRn6MDWc9vSFzeHGSZu0HJUhz%2BADmYAM8RlCIrKV7p3NKDg50BUP58c8%2FyHa7NzWU6p5hvfYiRFTqDISPEWGhqd9Qk%2BVF%2FsWmO1x702tc3cdidvJy7yWfB8QtSL0nM3%7Ctkp%3ABk9SR-Ci1tjqZQ,2025-06-09 12:34:09.357444
ebay,iphone 13,128GB,unknown,229.0,Open Box,https://www.ebay.com/itm/116640461198?_skw=iPhone+13&epid=15065003832&hash=item1b2850318e:g:QHoAAeSwbyRoRRDK&itmprp=enc%3AAQAKAAAA4FkggFvd1GGDu0w3yXCmi1eib51dISkztKIR0ZzCsFfMryulOPtKFlTsVgf4Xr1x9ax0BiIaBx7jECYTTPFQzXFi6mvu1kazoAvmD5KM7HZNBnNazTwFvjLYqB2Qv%2BQM60i3SVGphS%2BmFNWBlyN%2FwotPr9F8Me5A1GGqmHAoNo%2BSFCGscJMnVKJYf9zinG2jU5WcZ%2BTMEha6ce5V4IKp7fewZ1OXAOWNkqDSN25sMyu6%2FNqkb6sk6GuwfzOEB0%2BPAABzy%2B3jfwA7I%2Bd7ByN%2F%2BF%2Bq0ApgFqdoMFYnqFeUX0RV%7Ctkp%3ABk9SR-Ki1tjqZQ,2025-06-09 12:34:09.358789
ebay,iphone 13,128GB,unlocked,339.95,Open Box,https://www.ebay.com/itm/267228846236?_skw=iPhone+13&epid=8049288614&hash=item3e3814989c:g:d10AAOSw86lnyLLA&itmprp=enc%3AAQAKAAAAwFkggFvd1GGDu0w3yXCmi1fG%2B9pSBA1ID2z4HWyDy%2BW5wdeMj7nceRqPv5pLWZgRPOVExkcB6eQhMlCkcAcQi%2BIRSp6Ld60%2FhleNTqBIR6VwRcK%2BgqFaG0%2B7wOUKJiXga%2BApkOG%2B%2Fn4ko5SO1YMhm0Tw%2BzPe8lhLN4iqY0BBfXQW4KE73oRTA38kAmxqyeectJXQK6NSYcVbHQ%2Ful%2F7DrvxU5QgpnZLo3567%2Bov7ivWHhj%2F5ZbdBy9V7xsiVcTUlrg%3D%3D%7Ctkp%3ABk9SR-Ki1tjqZQ,2025-06-09 12:34:09.359901
ebay,iphone 13,128GB,unknown,259.94,Brand New,https://www.ebay.com/itm/127122011567?_skw=iPhone+13&epid=22072665462&hash=item1d990ff5af:g:OtoAAOSw009oKz9W&itmprp=enc%3AAQAKAAAAwFkggFvd1GGDu0w3yXCmi1e9QvVud3TSOfV5sro62y2Bsl%2FVVYSiSxhqL%2FsZ2ZqjS5es3kiNrDEoOzU3XIoh7S0J9Tg0kJZW9ZbLwxe2yutSREhYDIlbTH03v%2FzEp1Wv2ZUk0ORPsbPXUywhIRtsxNIgBJJEM5jbT5X6vzu51%2BFKni575ofeqZCh8NdNR26%2B25joYcOx4mHjnNAPn6H9Aq4O3Iqq9q%2BYQj0LacmdmbVUrxhtUfZDIuRZ3rTFYxQsYA%3D%3D%7Ctkp%3ABk9SR-Ki1tjqZQ,2025-06-09 12:34:09.359901
ebay,iphone 13 pro,128GB,unlocked,399.99,Pre-Owned,https://www.ebay.com/itm/235770748085?_skw=iPhone+13&epid=26049290840&hash=item36e5081cb5:g:vnMAAOSwaMZkCeUu&itmprp=enc%3AAQAKAAAA0FkggFvd1GGDu0w3yXCmi1fsrcZ8zcTicYlNFAnXVJ1r2tPQpTfQ8R%2FQLmC%2BkbB%2Ffid%2FyD1zEsA5SivxbXfJ0Zfi9B2hVdUeCvy8nevwcydYcV6XaY%2BCijbQ0CrPx0nNvmkeJkPm2qS%2BpWsYXjF4XqZC14oAi9tWay1zOQzAMTjy8X83nfOlMxZe6Ac0uboAAcdo9y8AEikW9%2BJF9gpM9zgnc3p0TTIT3Eb2cnIC%2BRlnnfJxMgqlkOcFK4S6XAbFO9n44c7F9pIbfDB%2BnE5OoIE%3D%7Ctkp%3ABk9SR-Si1tjqZQ,2025-06-09 12:34:09.360910
ebay,iphone 13,128GB,unlocked,265.99,Good - Refurbished,https://www.ebay.com/itm/157007972393?_skw=iPhone+13&epid=8049288614&hash=item248e678829:g:FnYAAeSwbN5oLN1G&itmprp=enc%3AAQAKAAAA8FkggFvd1GGDu0w3yXCmi1cZsR4bHSyhhcuMrFul0M4YMpsd5YGBxNc1ls0EC%2BcGHQqoxe%2F9C6k9nOKUBb8VPC3HVlMrTujA5cD4lImAV4AxWDomGYLh22J8aseH0L78oVKPaw%2F5kG4zkNSAPcxXfGE7OfoQvInVWVmcqKMEACIXDym9IVgr65Icqf1%2Fro9FTcZ9iT3GaXgCyJfNIz3R%2FH1XlNwl3jFdsAS2OVjqm00amokE1L%2Bgs%2BH8x9wQlvYZA9Hay0onea%2BpEOMBtqiRvo55DwruF6jFSkc8prIYZvWtrsyDkrzLq3n3nbRPwIDSTA%3D%3D%7Ctkp%3ABk9SR-ai1tjqZQ,2025-06-09 12:34:09.361912
ebay,iphone 13 pro,256GB,unlocked,446.99,Excellent - Refurbished,https://www.ebay.com/itm/356348398410?_skw=iPhone+13&epid=8049288657&hash=item52f8050b4a:g:fNUAAOSwY3VnU4A1&itmprp=enc%3AAQAKAAAAwFkggFvd1GGDu0w3yXCmi1dQqOSMsGa3FtWnO1HWOGHI%2Fh%2BuwpdDwQXz2OnFziLbAiR3HLS%2FGYVZm7bW2kCUP%2FyHI8X4VK2RMpnAiA7fNqGITzcoWHsgZxwIQ82PYbxYb%2FIEnu1KMVGnzCwpM7uhPcaR7ygbqUUCxCItUM1kLjkAfC2hx9rQMo2lI1Bc4AQgN5%2BVjsRpgdGWYg3Nr4IfuVPL2oDRKTcxDJOKadQRsDCkxyjxazF1h8J8wnbngi6keg%3D%3D%7Ctkp%3ABlBMUOii1tjqZQ,2025-06-09 12:34:09.362910
ebay,iphone 13,128GB,unlocked,251.99,Good - Refurbished,https://www.ebay.com/itm/256350256078?_skw=iPhone+13&epid=11049276145&hash=item3bafaa7bce:g:maEAAeSwhS1oL7rq&itmprp=enc%3AAQAKAAAAwFkggFvd1GGDu0w3yXCmi1cYXLTVp%2BBIz3rwFA77PnotHwNYHeN3ByNKySueqRhA9L8Qn6asixw8pW4WCo4kcf%2BXWfFjfLckTKCHHA%2F5yoSrtTNMpLTk2gIDhpBdXQv0AyG%2FfW9cEszsbTOkPq3OaRDNcqVFjv%2Be566WO8eVXB2IDoEQXEY9MgVYFIU%2FcyzBoaSbpFfAFOk84VRkFpvNm3JUMLsI%2BBvCnvDB4%2F7ouyS47CGK2HeT0pb4zn3KTrbsnw%3D%3D%7Ctkp%3ABlBMUOqi1tjqZQ,2025-06-09 12:34:09.362910
ebay,iphone 13 mini,128GB,unlocked,271.99,Excellent - Refurbished,https://www.ebay.com/itm/256844366312?_skw=iPhone+13&epid=5049289969&hash=item3bcd1e01e8:g:fAEAAeSwu45oL2IB&itmprp=enc%3AAQAKAAAAwFkggFvd1GGDu0w3yXCmi1f%2BfjpyZKrPi54Yhp2%2FY9KvapA0LOqaAJBpzgbXQUz6uSHCfryGnWSAJtB%2F0q48Vcvm6cLSvANn1hvY7rY79aWW1mBA4DBomdGENNq5H7QpsFsyliqkQU8l765bPHLUT1Xbld5VIiYDaTMW9G0LqBX4NgPoULMOppu6%2FMwLVf7%2FRuGN51EKn2iJR9ddY%2FSCXn2wYBRSZgwMgDU4vuly0n0%2Bk%2FCBtsNSMZINvZiAEK%2FJuA%3D%3D%7Ctkp%3ABlBMUMbc1tjqZQ,2025-06-09 12:34:11.921216
ebay,iphone 13 pro max,128GB,unlocked,479.99,Open Box,https://www.ebay.com/itm/197349507517?_skw=iPhone+13&epid=10049287446&hash=item2df2f281bd:g:woMAAOSwtztnt8rm&itmprp=enc%3AAQAKAAAA4FkggFvd1GGDu0w3yXCmi1cXZXtyb39stweQoeeXSRVLr9%2FAI5bC4zqGPie44kq7vejfzyjF72FWxo%2Fa0702GXnSpyQyRaZxRVzpnXQm9c%2FLRgYPtFADAMFSJwWQA7t4JWg2nhrLuOfoWJ7FZm5oW6JwM5KoQWngtH8%2BeHMDg0%2FnVeNEbWWjcuDr3gYvxawY1Sl4%2BeBWnnRUmeRcZqWcijLcJJfG0cRfgymKdA5MozYElduczkBM6ReKoLbDbqpNk7qASrPSR7yPgmWkuJjCtplKacV0XXzGtBmHgq0yu%2Bx3%7Ctkp%3ABk9SR8bc1tjqZQ,2025-06-09 12:34:11.925162
ebay,iphone 13 pro,128GB,unlocked,379.99,Pre-Owned,https://www.ebay.com/itm/234988335171?_skw=iPhone+13&epid=25052759574&hash=item36b6657043:g:vnMAAOSwaMZkCeUu&itmprp=enc%3AAQAKAAAAwFkggFvd1GGDu0w3yXCmi1cxWgGRaYPJ2tlmv783MxuKhLiv05XMTy0vO0cAeLXDJQwIlO0ScOVGllMUlXt23%2FK81s1QCl6fSk0m0tj0IzSABNMwcHbef3KySfryIOfgqSGMIbMRPp06zXKpzGmOIH%2BJQNonAqrzK820t1CWTDdur1WhQRZaqf9%2F7L0i4QG5ftMI0VSs0OM4prCr9hmjAEQAslzi1RbX%2BxnsfXs2JcQ2RuBHd6ykhpfFC8ZuRCPilw%3D%3D%7Ctkp%3ABk9SR8bc1tjqZQ,2025-06-09 12:34:11.925162
ebay,iphone 13 pro,unknown,unknown,300.0,Pre-Owned,https://www.ebay.com/itm/405947476600?_skw=iPhone+13&epid=27049276479&hash=item5e845aea78:g:ciAAAeSwTPdoRwn3&itmprp=enc%3AAQAKAAAAwFkggFvd1GGDu0w3yXCmi1erAtGQezECCxWb8YpPtRTUiC5FcES2YPokZqvzTPvZK5FlVFuJjcsvnodys2wfgReI%2B1ffp0MMNpPdlFjh16XjAoNkCGqeRMyKgEMF2AYGOhL16JHe9SQ14XQVXhb%2FvTeLNgvomuM%2BakGOEQTJ6RumCKeRO38eiEVGGTgkE7PU5dOi50%2FGD7G669XapKRKOQZPuV9kuf3RuyLr6CBdMrEWpdyNrQ6EB5hG7KEWCgIb8Q%3D%3D%7Ctkp%3ABk9SR8bc1tjqZQ,2025-06-09 12:34:11.926160
ebay,iphone 13 pro,128GB,unlocked,299.0,Pre-Owned,https://www.ebay.com/itm/396722972131?_skw=iPhone+13&epid=28049285668&hash=item5c5e8825e3:g:ahUAAeSwAJBoRvcO&itmprp=enc%3AAQAKAAAAwFkggFvd1GGDu0w3yXCmi1cH%2FR8ugO2EUocf62wj6elyt9%2F%2BPl2p8%2BTIQaQz8e5LmfivZtTjMVOqslECyXSJbhtRFyqNUj0bSXvVAZiCmnWltwNX97StGToOCbL0WWwFoLEdPoQxzxgalNS6BFbA5torjja5KoB4GSJdAjRFMcqRjJoo5jDJCU4FGK9NWFAr37vbsBBmMaRjlbZQwf5cZMu2D%2F4sU%2BvHQtcqZrpLZtnHkrAuM%2BbnOuWqKdpUVFMFWg%3D%3D%7Ctkp%3ABk9SR8bc1tjqZQ,2025-06-09 12:34:11.927251
ebay,iphone 13,128GB,unlocked,259.99,Pre-Owned,https://www.ebay.com/itm/336004993682?_skw=iPhone+13&epid=11049276145&hash=item4e3b755292:g:o0sAAeSwkrdoRwN9&itmprp=enc%3AAQAKAAAA4FkggFvd1GGDu0w3yXCmi1c5l1ZNzBn0SMArUS0gUk5DMWiIluhxRF3OGYvXOjR7b7ucopsYcZh%2BsyWEi2Ly41ExXLLF%2F5azQS6VN%2BduYTZ9UnW2v8OHzBRC8TxKmDXSAn2Uwj2mNHpbfCKU5jmfYKSayYX%2BC6b5Ach1BkRcvqyl0oaHYlMtWnfrG1KKJwCf6EjJqlSsTXKl2KIDZkh%2FOpEyQfOHkRYe5X3wVjSCn10VN8U3SBmZyiLfM5Al3ku1jDWyxJiG6TFd%2FVy434fvKqq2mW0hPwI0rJ%2FOoO0Mnxdo%7Ctkp%3ABk9SR8bc1tjqZQ,2025-06-09 12:34:11.927251
ebay,iphone 13 pro,128GB,unlocked,349.99,Pre-Owned,https://www.ebay.com/itm/316960583400?_skw=iPhone+13&epid=8072579682&hash=item49cc52aee8:g:rlYAAOSwV15oRuNa&itmprp=enc%3AAQAKAAAA4FkggFvd1GGDu0w3yXCmi1eQHnUGEkAXHkX9eDGNc1rdsFgNcz%2FSqcChjzmPpgiS8dNi1IeNhchs5O4zAQRr4d5Vs1tDGt6sKzlXW0iSI0TzfipksrHeeI1IkXQ7qkL5gUtLLKkC762DGFGdkcvbymDS%2B3%2FHmrH8YUv%2BN28ZibYz2nEcFlvJ2QAPpeCg5o8lGEJuCuTnM0DPVyF1BlbB3JDIzq78Ll%2BqZX3c651wtD%2B%2BEdU243uqRJDeAttH5udLqv1Vfp6IAYXB9icyzQ825GyzyUtk148JRZm709MizCfa%7Ctkp%3ABk9SR8bc1tjqZQ,2025-06-09 12:34:11.928278
ebay,iphone 13,128GB,unlocked,299.99,Pre-Owned,https://www.ebay.com/itm/146631810851?_skw=iPhone+13&epid=11049276145&hash=item2223efdf23:g:-MQAAeSwBpZoQ5GZ&itmprp=enc%3AAQAKAAAA4FkggFvd1GGDu0w3yXCmi1d6rwCyAbNmlF7WY1Spqdp8M0HQJe7EGeOAWulvvYqTc4%2B1LNXF3MqL%2FOPYFQ%2BHcmHnQy257qeyiNHy733nYvFXCyx9PIVMq0vyIGO8zOM8WSVgH2yzqDjVWJwNdi%2FvoNXcoHMfAmxumodLkoWQcnga8yOKfECkKUdM2LAln%2FQF4aoXVG99UDrMMqp9ZBiITzsU0KfH1ZwqvjbhGP0%2B8EfDgdQb1JpayK0jsEHltuGJvq%2FZeI%2Babx5W7R2gb0rRcHiRv4dMxJievfSWHOtZ4nG0%7Ctkp%3ABk9SR8jc1tjqZQ,2025-06-09 12:34:11.928278
ebay,iphone 13 mini,128GB,unlocked,222.99,Good - Refurbished,https://www.ebay.com/itm/256844366352?_skw=iPhone+13&epid=3049291490&hash=item3bcd1e0210:g:1gMAAeSwWX5oOeJH&itmprp=enc%3AAQAKAAAAwFkggFvd1GGDu0w3yXCmi1fc0Acl4gD01sRbNKKEPBwJVttsUM%2F5EBXExpK4yS8jOr3B5uJaHpoVkUiXclNbIlh%2FC0OswfL%2FtgHsxI22OwhUlr7HfN3BJ%2Bll4YyO%2BLzTA23f6TLWu9q1A5HClz5JbS7S%2FFSvHDjYm8TMY%2FFL9%2F%2BCu78cgd7BKJUewD1k2XyTlrhZaKVdc9a%2FvLXqHN4SVB9Yvkf%2B52UR5kKPrk8eFzD5D%2BuFwUqlMZlIcLrqZHRvlg%3D%3D%7Ctkp%3ABlBMUMjc1tjqZQ,2025-06-09 12:34:11.928278
ebay,iphone 13 pro max,256GB,unlocked,587.7,Excellent - Refurbished,https://www.ebay.com/itm/354593770099?_skw=iPhone+13&epid=15065002373&hash=item528f6f8a73:g:56cAAOSwhCxjcpHn&itmprp=enc%3AAQAKAAAAwFkggFvd1GGDu0w3yXCmi1fOdPaIZREBIovxw%2BF51k0ZFZEnWsH3ipBaPavRnb7OEyVktX76bNcLEBFiC4iaJiwhTaRDMDsGIS2xISSYy0FIX7Td0unZTLX0PT%2BaUHCtkom0WBlyG8OS12fuF%2BOWrXLX7mZASc1ky0E0TsDmsn%2BjTuBYn6TH63KFO%2FnWZMwUfpaIw%2Ba5alm4wM6RC3tR9D7K6hQWT%2BgnQ0s12RLSPa3Cs2oPQP23HfeZI5PSeC2PYA%3D%3D%7Ctkp%3ABlBMUMjc1tjqZQ,2025-06-09 12:34:11.929653
ebay,iphone 13,128GB,unlocked,274.95,Good - Refurbished,https://www.ebay.com/itm/304600814829?_skw=iPhone+13&epid=11049276145&hash=item46eb9f94ed:g:eZoAAOSwfFhlDb52&itmprp=enc%3AAQAKAAAA4FkggFvd1GGDu0w3yXCmi1e9qmBstDrZ%2BYsL4xKu6FiVYJB3L3xFXYwsbk9r%2FraqJgtXPvkobgOJptRSkl7pWzPc1RRlfc6JBPKpgnYufMUpiJpWG8rrbXGYviKaZ3BV5qiNuq0Eq%2FTyLv6%2B11KS9jD%2BjTV09Q5otN1ag1%2BzTbMts9VoawxGGHu1kLU8M7Jljd%2BZ9chWcqQCfuAvYn2EwljAhOvD%2Biw8wk3rdI6dTCXZ4ZrQJYkLUqdMVdeK6jtQq4wFOkbWZNVutl8XliTAFdC%2BhEzb4cXkwDP%2BXI%2FDu8r%2B%7Ctkp%3ABk9SR8jc1tjqZQ,2025-06-09 12:34:11.930836
ebay,iphone 13,128GB,unlocked,269.0,Pre-Owned,https://www.ebay.com/itm/235414342155?_skw=iPhone+13&epid=7049287499&hash=item36cfc9ca0b:g:IZ8AAOSwPidlaNV8&itmprp=enc%3AAQAKAAAAwFkggFvd1GGDu0w3yXCmi1d2YEj5md5vnXOA24tAzGkSL5TJxg7ywkIrrJSX%2FVsJ2PW24Ori%2FhgdB8ZL0rE%2BGVEbFIMG3u8S%2FmN0q8GyY9UZd5wraRcloJVgE1aKZXxDJh97a4TJz2CjJiOrOltnc8g6WubNo5pnN%2Fhz1DCklXpsN63I2%2B%2Bo3MqDl8dp60epwvBtYip7XwSzDA%2FKDwuuBdd%2Fud7alMtUIh4Or58siIPfyDprRbctKE2ayGntze2aGQ%3D%3D%7Ctkp%3ABk9SR8jc1tjqZQ,2025-06-09 12:34:11.931846
ebay,iphone 13,128GB,unknown,202.49,Pre-Owned,https://www.ebay.com/itm/388454923364?_skw=iPhone+13&epid=16064993658&hash=item5a71b7bc64:g:hi8AAOSwtbRoL2Wf&itmprp=enc%3AAQAKAAAAwFkggFvd1GGDu0w3yXCmi1dlvDYcwoO9wx%2BXBx3oERCoIw4KAP%2Br0eFNd1el6nOHnHqqPmrazIZz4WhnRwdgymbFjrLGpUgTV8qhPJ%2FmqB8EF%2Fhbl7u4Ld8IGcnKAgWjpSH1LPRCen%2B%2BNRla6b0GBXPsIKqTZ3TcyB9k0%2BCzWtY6HyDMGENG35OQIMl7OW26fKXzLw2wD9T2NAOIyDxtTutGdteIUxWPvJ8dJtpUqa7%2B31ceR9PkRyiBZFmC8jYQRg%3D%3D%7Ctkp%3ABk9SR8jc1tjqZQ,2025-06-09 12:34:11.931846
ebay,iphone 13,128GB,locked,265.0,Brand New,https://www.ebay.com/itm/357032914837?_skw=iPhone+13&epid=7065011220&hash=item5320d1ef95:g:tnMAAOSwbGFoQDAt&itmprp=enc%3AAQAKAAAAwFkggFvd1GGDu0w3yXCmi1fQD0Q%2FeqGc%2BX1Jf7%2FB2gXaTGnwvAqcrbvuRrVANoMhfRwKlynFQ8DC%2FlN3Vn72YoHuEZv%2BMgPkfMg0wYBsoqKPv0Na8fMY6R%2BJgM7AehZCMypB2QnggtX1Fk2n8mt5vPD63aBnK4wgDlpaX2TjddphCD%2BGOMAlPHc6XI9US2sapMCHW33BsXXfSDjMOn1MokyPs%2BZDGkH7KcnrlFQRGSachoRsRTXwQp5r4rGvABDhLg%3D%3D%7Ctkp%3ABk9SR8jc1tjqZQ,2025-06-09 12:34:11.932846
ebay,iphone 13 mini,256GB,unlocked,284.95,Very Good - Refurbished,https://www.ebay.com/itm/304657420318?_skw=iPhone+13&hash=item46eeff501e:g:pwQAAOSwHxhlDb9P&itmprp=enc%3AAQAKAAAA4FkggFvd1GGDu0w3yXCmi1fKUzy3b0U3Nfrpm82Vl8kjAMPwkQCmhoj9%2B0KKUOGaIuCU83MJCbmOyiXl9rnZOlki8AJ%2FtPiwHEaQEb9LOZbmOMdxpAKQBo4PQr3MPVw2%2BtJHrR5IFqWTnkO2xPQYwbiq%2FvjK%2BIahHW%2BlA%2Fx0idblFSrAsilD2Drj2R84RZ67DwCrUd9FdS99McKnb7JGHLboLCzi4ZULoU2gJ7p1gdb8Z8H5vPKbpx5qABGJtioVsapgmJvo4l2usIK4FF2NFAPu8LC0gXDKAoO1my2ke92Z%7Ctkp%3ABk9SR8jc1tjqZQ,2025-06-09 12:34:11.932846
ebay,iphone 13,128GB,unlocked,249.88,Pre-Owned,https://www.ebay.com/itm/296308565225?_skw=iPhone+13&epid=11049276145&hash=item44fd5de4e9:g:OggAAOSwmjtl-1XV&itmprp=enc%3AAQAKAAAAwFkggFvd1GGDu0w3yXCmi1crMqBMQeDP1M7OanY2RAFsRpTukAMoUWlyQPdmcDtn6sv0nKfSPhQW5Wnnw511qmED0aVRL52Vx4uTzp6ysp1B%2FR%2F0SB2KP5QM2OPVhylDY5NK03fB2AvXVYFWzf%2F6VjyAkfeXIQxwJHmZ%2FUOuZQuexVBug6HRiCwHorOM97%2Fkr0Vg%2F7XKZsKgUdmlr6KrvdJLeR1oPn4PJ8cJdOjPMp8ahyov7Q6cSpHCONHkgvp5mQ%3D%3D%7Ctkp%3ABk9SR8jc1tjqZQ,2025-06-09 12:34:11.933846
ebay,iphone 13 pro max,512GB,unlocked,549.03,Excellent - Refurbished,https://www.ebay.com/itm/356345119003?_skw=iPhone+13&epid=19049287640&hash=item52f7d3011b:g:Z0YAAOSwcUVnUkJW&itmprp=enc%3AAQAKAAAAwFkggFvd1GGDu0w3yXCmi1e5r16%2Fwx10a8SCImYGFQYrRa5%2FmP1ZBipGj2NpsWkbycIdzIolZIBnOssC4%2F9h01b9iuomVorEpjB7LzkQ2AKHl%2B34r%2B6l9ZTg3vntnw9u%2BoAhI5jzTF7oJlvzr6Dajv%2FmovrGD3vWUbUo5%2BwzqI889nEpqn1taLHsxAa3YoV%2Fa4fouc3YX%2F4lTJZoHqqJ--9LTHfqsY4ea2OJrXjZ3aSaWHP7dvlOqOivB87y2qOQxg%3D%3D%7Ctkp%3ABlBMUMjc1tjqZQ,2025-06-09 12:34:11.934863
ebay,iphone 13 pro max,512GB,unlocked,483.78,Good - Refurbished,https://www.ebay.com/itm/356494369254?_skw=iPhone+13&epid=28049285680&hash=item5300b861e6:g:8ncAAOSwljRnkTwt&itmprp=enc%3AAQAKAAAAwFkggFvd1GGDu0w3yXCmi1fhzwtkhZaVRFkt4jTHGzBd5XJaOG08ZOdBPdBbkXWjY3jtRQ%2F3uPUCWg9Sc57d4ouOrWlLWo0byARaS%2B4f68YVkkOgDZLwbqfQk2HTeT2cKxPxkWwRrn0ZMvL5Afch3%2FM9OoIvRCqWsnO8gEBOK%2B6ArHwz6Oa%2BWxjUpTmAhg%2F7rSu8IH1mqZozEYJGinFHUZGBLdv8EvYPyKHLXcJh7AK4BDrsD6KsBCmMkORYTzAjpQ%3D%3D%7Ctkp%3ABlBMUMjc1tjqZQ,2025-06-09 12:34:11.934863
ebay,iphone 13,unknown,unknown,300.0,Pre-Owned,https://www.ebay.com/itm/127165742561?_skw=iPhone+13&epid=19049287599&hash=item1d9bab3de1:g:cJgAAeSwzvhoRulx&itmprp=enc%3AAQAKAAAA4FkggFvd1GGDu0w3yXCmi1fm--RO4hzlVN%2Bz0dxg4kUxhKKHJGMZ%2B2wFJJyVPqsDe5bCCq0rKN9Dx7muZ9cYqWupJUpcsvN4%2F3lv%2B0wCa%2BHcjjtoTUtMESt87Ye3jyogoV5trSobQN8AcbAfBjzOyFS6uyhlcNOdiAG0HK%2FO4jtqLorQ7xviCpmAG1rirEfUBi2ijp4m4nvuf37G2yhnS9%2B5DyznAcFUbXEbVSKtURBQamPKo0rUBvV%2BoyauRjevd2L0yR%2FodmuNRiJJF3tSqhjU7ThGQx3BFEYQR9GaROgP%7Ctkp%3ABk9SR8jc1tjqZQ,2025-06-09 12:34:11.936872
ebay,iphone 13 pro max,256GB,unlocked,498.0,Excellent - Refurbished,https://www.ebay.com/itm/405923130307?_skw=iPhone+13&epid=15065002373&hash=item5e82e76bc3:g:V7EAAOSwbhFjLLxB&itmprp=enc%3AAQAKAAAA4FkggFvd1GGDu0w3yXCmi1cGMLaTterGraVs1iupeTVu44iphq9jl%2F7RvvfF0EPMYECDIMJL%2BkeEKz%2FoYwKu7xDlMhA6VMmlN3q9uO9oXR8feK%2Fw5J3rVGHTasI6D2G1OQM7vQf5s5YQc%2Bh%2FJ5bY50S2iKFN1zVbyfIqQk04ldZ9nDF91sBxDcVx%2FE86gxYaK93ysDRkHTVMPX7ZNOuDgOEpqL9u%2BZ4gKRov1lVGLyGjlal1T8oUkrZIOq4QJP2JeuWHlXzmEmgxDadWptt6NO5VqjtmF0SPkKcuRTfnqrye%7Ctkp%3ABk9SR8rc1tjqZQ,2025-06-09 12:34:11.936872
ebay,iphone 13,128GB,unlocked,309.77,Open Box,https://www.ebay.com/itm/285775265128?_skw=iPhone+13&hash=item4289887d68:g:lXIAAOSwcUpl-ztF&itmprp=enc%3AAQAKAAAAwFkggFvd1GGDu0w3yXCmi1cDL6YlpqqECBWe31YRAtVVaI%2FSpKmlwUVqVJE%2FxIJnvvuTZX%2BhPmAIP6A2yrY8EE5%2B3rTcDPPQs5gvM%2F3tnD0urjP%2Fj9Mu9ZSVyY%2BBNaHNWvfaXlkOyt%2FE9OXJYvICw5XuX74urAVin0rwxNjdAWwPtG5mekZ8YXjbzUudtC2taBYlv88uxERVm%2FYj3ExN88V693LAtGUXcU5omqi9uk9mtJS3OpL47d09rjleSikjDA%3D%3D%7Ctkp%3ABk9SR8rc1tjqZQ,2025-06-09 12:34:11.937872
ebay,iphone 13,unknown,unknown,1500.0,Pre-Owned,https://www.ebay.com/itm/387852869651?_skw=iPhone+13&epid=12049274312&hash=item5a4dd52013:g:U2sAAOSwFpVnkpo0&itmprp=enc%3AAQAKAAAAwFkggFvd1GGDu0w3yXCmi1e2RsGfSJk5ejSC%2B9bfy0MTFrHb4UxnJf7V6SzYqJwaPqOPkXOqiQeGfswCgKkoKp%2FwxIgPBcWRLkmyP2BvZMR8uxu7BimhhDM9goEeJs3wBjSkG64wnRA1EhByFJZRYl%2BNo0POGZCeLNd3WEgYPguYOlyqGrWMh9o%2FzRJ3%2B4bHjkPkgrJOa%2BLw7nU9CVzlyLLOlXIIZ0%2Fu9OFXDJ5uk12RJhXT24USdNjmLBl2gH0D2g%3D%3D%7Ctkp%3ABlBMUMrc1tjqZQ,2025-06-09 12:34:11.937872
ebay,iphone 13 mini,128GB,unlocked,274.95,Excellent - Refurbished,https://www.ebay.com/itm/304517572707?_skw=iPhone+13&hash=item46e6a96863:g:XHsAAOSw~TtlDb2g&itmprp=enc%3AAQAKAAAAwFkggFvd1GGDu0w3yXCmi1cqpWxeVKU708YPHJwXuEsiJ%2FqR6fwXuiA0FurKPx8CEHFvOHXyP8N1L5OR8VQqReCsVGoOKliI5DqJ2cV21gCPR7CM%2BPqAXLg8iSDDEszelJeFQ7aXYfb0afA8xdiPMBMcC4DCahAd3I4HEGMsQwmYA9f6%2BFFjYhzI0i429aVaKD8xOItbs5Fw2JUpBWdxWwCYdJX6V5PGjHCdYbUl2%2BPVhYm311fVRynhcke%2FP0mqEg%3D%3D%7Ctkp%3ABlBMUMrc1tjqZQ,2025-06-09 12:34:11.938940
ebay,iphone 13 pro max,256GB,unlocked,400.0,Pre-Owned,https://www.ebay.com/itm/396723011709?_skw=iPhone+13&epid=14049280233&hash=item5c5e88c07d:g:wpcAAeSwqkRoRvjq&itmprp=enc%3AAQAKAAAAwFkggFvd1GGDu0w3yXCmi1dVdnRBDPdoLm7Vzqr2ASsHvcMMb4MHmfwRvMppK8YMz21oRbNNYTcZ2b%2BZzPe0OXugaYViuND8b6%2FJD5wpejtGEi8B%2FPnHU%2BOG7ZPtPYcfRFSPiW3bBAsZ94zUpU3AgM541rCASMxuvuxX9jRq7%2F7C%2BicI0Wg0JGMF0Nx9FySM847sMSZgSyiBpMtnPJVeEv2EqGBbbOoEqsW1pyV5sZn6WfHDX4CgCjiwNoi4NSvueA%3D%3D%7Ctkp%3ABk9SR8rc1tjqZQ,2025-06-09 12:34:11.938940
ebay,iphone 13,128GB,unknown,224.99,Pre-Owned,https://www.ebay.com/itm/177175760047?_skw=iPhone+13&hash=item29407f8caf:g:s58AAOSwDdZoRu31&itmprp=enc%3AAQAKAAAA4FkggFvd1GGDu0w3yXCmi1fXENfg3p7P4ZZPZUYOvcOgO1Tqzze8ylA%2BDgPYorNk0oqAZDgGtiFnTC%2BWSc4pwKsV6dXrqXHbTTKXZuB%2F8%2F7trR%2FFENYNJHQcwWIES4CcKdbTzgNCbbuX2ewS5ollAaNAEucn8r5p7D4rewYklUgDA7A1mj39UyLUlC1LtWZBpnwNaeDp3PaOF9CrJahMllIXVYxiZvZBAEWK8XzG4SjSKIhUwQYm5tMJlIPDs5I1B9z26XmLGr8e4re87qFiGf4wqzN1BasrdgeylcZ3zG4M%7Ctkp%3ABk9SR8rc1tjqZQ,2025-06-09 12:34:11.939948
ebay,iphone 13,512GB,unlocked,344.95,Very Good - Refurbished,https://www.ebay.com/itm/304642516226?_skw=iPhone+13&epid=24049280212&hash=item46ee1be502:g:KWAAAOSw0q5lDb8E&itmprp=enc%3AAQAKAAAAwFkggFvd1GGDu0w3yXCmi1cFkBlI%2BosfsS1SmxcOyMubJFmd8qHb3WPATu4BaKVSW8IQu7ljx6M3zJHu5Ph%2B2cEN2CT6v9QkWLJGRTl68TwkD1WjNKkorjiZ5EV3LkUtQ0v0z2S6BVjXfbUWdUjk8kXP9X2kDhxbJaqOQ8UKSbUxPER1a23rVdyIBoGBNSc%2FUpuyK5Q%2FVkgP%2FFdZumPaYowlfxF%2B%2BB49UDfhwaeHzkPwaIa%2FxlRgsqUGo5qWAiUwng%3D%3D%7Ctkp%3ABk9SR8rc1tjqZQ,2025-06-09 12:34:11.939948
ebay,iphone 13,128GB,unlocked,279.97,Pre-Owned,https://www.ebay.com/itm/256568231216?_skw=iPhone+13&epid=11049276145&hash=item3bbca88530:g:gDQAAOSwdRVmjd4l&itmprp=enc%3AAQAKAAAAwFkggFvd1GGDu0w3yXCmi1dYe4FKIzacETxR7Rf%2F2C0AY17BLvbFpIStqlluU3%2B5L166WEb%2B6Ar%2Bipyfz2BkMbE9nRjDeCNIZbYPwUHISomoQNmWgvkDWWfVa0TuYPvDGBIPPMWcgHTLtLawCytOERN3evc%2FLAry7vMTIHNl4EXteiMN63DhyLY35Mql1ngO4PW5zVRX7%2FlobQUFZNNrS6kjMrfQN%2BrITXgrTkghe44UQisj0zdMtLjAP4iuEYvJuQ%3D%3D%7Ctkp%3ABk9SR8rc1tjqZQ,2025-06-09 12:34:11.939948
ebay,iphone 13,128GB,unlocked,316.95,Open Box,https://www.ebay.com/itm/376207287737?_skw=iPhone+13&epid=11049276145&hash=item5797b3a5b9:g:2~kAAOSwXepoD~k2&itmprp=enc%3AAQAKAAAA4FkggFvd1GGDu0w3yXCmi1ffSy1KmZafApe9%2BW9uF6bFAAAPBpwqykIF5WQkho3jiuJbOUvfH8433QyWvK0%2F9g6VKZkte4CFClonOGW4WC8uKCZWSSqL4u3bVlq8M6LwfWQvuii0mlwVuANo4qKhw4YaWq1A1poQdXmUdseuhAju2mF9r2oCvTM8z0afQ84qDyp3c6k4JZWo2Zja4h1eGuATta5grwYxrk3pVVyd7rusSVauUfmGPMhSIZIiQJrhXA6aMq5UNiXMLKMETbTDtAI5AExPjRYdO8zGTNSNTx70%7Ctkp%3ABk9SR8rc1tjqZQ,2025-06-09 12:34:11.941045
ebay,iphone 13,128GB,unknown,224.99,Pre-Owned,https://www.ebay.com/itm/177175760046?_skw=iPhone+13&hash=item29407f8cae:g:HOwAAOSwxD5oRu34&itmprp=enc%3AAQAKAAAAwFkggFvd1GGDu0w3yXCmi1fPYMK97SQ%2Ba1%2F2wwCLwwfYXt%2FsjLlk5YFG8wbH7nDetUUJdAXGlPd0pqDP6xts78BY4ShcQ6Z2El%2BGEuFyTD2R%2FVPjOU%2BU9%2BBXyS1YLbOYcijfrbZ98yYup7PWN%2BPq%2FN33cvmmlujVygD7ORactRSn1kkZkMHLrMY0bF8HFYtezJauzWSQ3q5ZWf1PX%2BK2wMZKeZ1ukoCeiHjWM0MNVt9yz1FEo5dahJEXSr49zYUh2w%3D%3D%7Ctkp%3ABk9SR8rc1tjqZQ,2025-06-09 12:34:11.941045
ebay,iphone 13,256GB,unlocked,329.0,Very Good - Refurbished,https://www.ebay.com/itm/306343950776?_skw=iPhone+13&hash=item475385b9b8:g:xtUAAOSwXRtoRvWf&itmprp=enc%3AAQAKAAAAwFkggFvd1GGDu0w3yXCmi1fKHCqlp2tFK4fmdXbxKbhfsnMp7%2BA7DjDKSmdXkCHvMzR8V%2FNArqb8m0%2FX53pIUF6djz11UmHCalH8GzQM8CMZ8YpWVJVIXhARzn%2F5yfZ55PzVDJZQadm1%2F5%2BSLMu2yopdoGy6J3jM9TXUEbE9QEwBr4NURbkSC6gise6Wf2XPO7OGjpO6P6d%2FretTcF6UbxGpngTD11FSjBNDm6%2F%2BRWOTVJVHqr9EsS57EalezbSA8Q%3D%3D%7Ctkp%3ABk9SR8rc1tjqZQ,2025-06-09 12:34:11.942057
ebay,iphone 13,256GB,unlocked,359.99,Open Box,https://www.ebay.com/itm/175945719377?_skw=iPhone+13&epid=19049287637&hash=item28f72e9e51:g:s4cAAOSw3WllIHuV&itmprp=enc%3AAQAKAAAA4FkggFvd1GGDu0w3yXCmi1daMZIt4MJGW1OHKd7dH1d71hBeoFv20HQGLqzDTJzB79PsaezYngZoS1ifkaHxzGYPZ3lhhh1cDaWNbdVw0NRFw%2BUgMr5rK%2BL2kYB5aZDTdLxJ0DJhjN6PjToZEHZ12HJ0mmwxxhqLYxP%2F3ysrUh3PMafKWerojidUHI0CwsLF8hRc2WOT9JBbLQSSikrnmTBfM2550ZlvmvEnK%2BU7PEYsWpdP8Z8UpwSpNdMWAubpAeYKThlOZppoAK3YXxEEG94J6vtMfu5UWL%2Fx5EIrMIbC%7Ctkp%3ABk9SR8rc1tjqZQ,2025-06-09 12:34:11.942057
ebay,iphone 13 pro,256GB,unlocked,385.95,Very Good - Refurbished,https://www.ebay.com/itm/364011282445?_skw=iPhone+13&epid=2320328612&hash=item54c0c3600d:g:V7EAAOSwbhFjLLxB&itmprp=enc%3AAQAKAAAA4FkggFvd1GGDu0w3yXCmi1cqIT0Fj1SERlzQK9v8EBr0bT%2FH6gusRMb0Whm42M2J3QqVfliBxW7wkaDAPcPIp6F5MrO2PCG5BQeezT57pK%2Br9rfea20q3hq3VmcLscIn3XQZzLkUaFkxYj53%2BaFFjzLHqOy6CZAYa7LC1TOSZP9TjCBPOdvkzgZT30R9GTdViRgO9YgQ%2FjBLMKcqmlCZ2etlGUqnTccL%2Fkr8ghoUvDi3HQVpDB7ukrcvMgzTeK0sBnpO4ABKUmBnEyqCyyBEL5Lhqhpeymd7sf5WuBGM2dG5%7Ctkp%3ABk9SR8rc1tjqZQ,2025-06-09 12:34:11.943497
ebay,iphone 13 mini,128GB,unlocked,269.0,Excellent - Refurbished,https://www.ebay.com/itm/335954515423?_skw=iPhone+13&epid=9049279823&hash=item4e387315df:g:z9YAAOSw-4RnckeM&itmprp=enc%3AAQAKAAAAwFkggFvd1GGDu0w3yXCmi1ep%2FUCYzipBZrDhZ4BUUdnkgfCCItR06lGIqElIXDeNlREBNvB3y%2FmLvtu8i1D7V%2Bhf6zX5z9mTi5Yqm%2BY%2BErlZGAGWINpCNlPP192ufbx79b2Cio9kH0HoMOk9KTm08mwDVFJNIBkdff5MzRt52p6S7WxLsZSOB57rpltDVLHvusoeXQatD%2FxpLfEjfm2XM3totgoa6cshoEcGyWMm3c3dfAbFwIeat45LpjVopLKY3w%3D%3D%7Ctkp%3ABk9SR8zc1tjqZQ,2025-06-09 12:34:11.944508
ebay,iphone 13,128GB,unlocked,246.99,Pre-Owned,https://www.ebay.com/itm/186531815655?_skw=iPhone+13&epid=22049282568&hash=item2b6e29a0e7:g:8BMAAOSw74pmgxNi&itmprp=enc%3AAQAKAAAAwFkggFvd1GGDu0w3yXCmi1cjl%2F8lqoyliv9fF5a56K9T4arSHR6Ic5CU7Y68XcHfkjipKCjBJw5SnxtAd4NZgxCGP5UFxOdjaKDI09skAYCzoAlx%2BhEL%2FoyuVaDRy9RTNDFbropWj508o5mW0NR2aVE%2Ft7dCaCwsFNGLFBhe3cLx398CHOxmkipWOQ35ps6dXb9ZtuolalpPY--dWLv%2Bty0zmj5nH0dRz5Oh9IZjyUtzvMnZ39Kbyu05UFlvFT%2FBjg%3D%3D%7Ctkp%3ABk9SR8zc1tjqZQ,2025-06-09 12:34:11.945508
ebay,iphone 13 pro,128GB,unlocked,415.0,Excellent - Refurbished,https://www.ebay.com/itm/405752973779?_skw=iPhone+13&epid=8049288657&hash=item5e78c309d3:g:U-kAAOSwZjJn-ZU4&itmprp=enc%3AAQAKAAAA4FkggFvd1GGDu0w3yXCmi1fp5fIxQOLU1NIz8gwhmUHU12jyB0QZNOvP7DL0GH6rwrPKwSoc6MQxeNgxxGhKTljzFbrg1fxPAr7iaDFdrNXObX2b90uAXgmAyghcAqMUoIpYFFDXsTpL%2F%2BiZYkaPWsBteFyqY3medRsofjgf7fzdJpftGufxfO42rc1Qo0dCgLvHG8bzZbgvUDowpDCX06bJmTNHNwFtJj4AeWk84yw2oUReoYVp%2BeZuCiY%2FwlQrjNHoTV59ArtmjnLuQLCNMDiIt3%2FdJAAqfD%2BkQU5sZwDD%7Ctkp%3ABk9SR8zc1tjqZQ,2025-06-09 12:34:11.945508
ebay,iphone 13,128GB,unknown,224.99,Pre-Owned,https://www.ebay.com/itm/336005046371?_skw=iPhone+13&epid=2336045935&hash=item4e3b762063:g:400AAeSwG6loRwvt&itmprp=enc%3AAQAKAAAA4FkggFvd1GGDu0w3yXCmi1fFJUaClHGrmO7zraVqDSuhZZwaKj1sSDH%2BsTQGMYOXpHXVOOCXHdV2XBq0WGLvAWcjPSHHlJUQUyhJu6%2BUU%2ByWCmFs6DN%2Ft9n6UFy%2BI%2Ftqk19S6%2FOVzdqVdeJ0TKOR%2BEuSHpLXRAtmAa0QsfCqP6tppXLk5gwTNmmuZFj5VWX52Q3%2BazJvIGzMqLBXfVm2EBqPjnqhT32c%2FR3zERpnZg%2FQB9q9pz0UZjgpkqzit%2BI6Vq5UW0KL8XXgP%2B75RXVslqh4rqMAvgtX5ZPL7XUb2WUG%7Ctkp%3ABk9SR8zc1tjqZQ,2025-06-09 12:34:11.946508
ebay,iphone 13,128GB,unknown,214.99,Good - Refurbished,https://www.ebay.com/itm/176484928982?_skw=iPhone+13&epid=18065004250&hash=item2917524dd6:g:nQIAAOSwWTRmnuR6&itmprp=enc%3AAQAKAAAA4FkggFvd1GGDu0w3yXCmi1c8BB1wanqCjjt%2BVjNJ08CW8knTnHhHZttJdws0cdnKdfgzJ7lNqBxbh4s4pd4JPuxGgQDZ8ziCnhG0Xmn6t%2F88Blhx0THsI6YZ5V7U7pkgbvBe72fZLCqS%2BnJXi5yCDUcanlwevKgTY8lwDCcFUbDoW9OLvbejYzq4w1QPEc6kj5mIuU4nqRWNl6O10FAqNZTU%2BQZ50QRSx5%2BFz0Ifylxw%2FdwLnw5IKKtjQpYAYWJuuy7yEWgfslhXDzzoPZNrpHeVpDH%2BqlNyeqdihxqrNwCE%7Ctkp%3ABk9SR8zc1tjqZQ,2025-06-09 12:34:11.946508
ebay,iphone 13 mini,128GB,unlocked,271.95,Excellent - Refurbished,https://www.ebay.com/itm/364535980529?_skw=iPhone+13&epid=3049291490&hash=item54e009a1f1:g:3aUAAOSwmdtkXQPZ&itmprp=enc%3AAQAKAAAAwFkggFvd1GGDu0w3yXCmi1dQEjQr9VzxEdI3eHBPeBU7y5FTkngYQWeiaCoU1Dti2bOpwm6khIwiP7xaWuSUhhe3suU4x1kr4E1izCT0fWJTix4xASR0qBKY6JVdDJRV%2FmD3ayHoSgoGjWOV%2F6o7eSdrCzKA0Vc3BHdCvaNdEurJOjM2PRznAWdCDMVfXfMwhlMG80RVEKRSe9SObkCM9owCAaK6Pig8lxn79muJq9D05kDqTEwhUwy5tafd%2FnoIeQ%3D%3D%7Ctkp%3ABk9SR8zc1tjqZQ,2025-06-09 12:34:11.947508
ebay,iphone 13,128GB,unknown,224.99,Very Good - Refurbished,https://www.ebay.com/itm/196524647106?_skw=iPhone+13&epid=3065004378&hash=item2dc1c822c2:g:m4oAAOSwAGBmo8cF&itmprp=enc%3AAQAKAAAA0FkggFvd1GGDu0w3yXCmi1fJrXfxywn%2F85KntKixsQowomYuJwj8DmsKkYJUIOE5j7ZhNLstI0hktAkFTdxqR7QW7mI%2FDuuL%2FdYQZ%2BG71%2BYkhgWZWwJP6ohUcl2QPIcGyF9xFt%2BUHr6uJsDA7KMT5N7YfwXGkeiF%2Bkj1%2Flf0sqUVQv8dDC7ibDiLiavuZBc5xB4B1zjgQlWbqR7FPLQOFm%2B2hdR8YIghzzr6Ukl6pUlNmE1tlekUsOzIrt8zZTkgHORBnEUD7KL4i99TODe9kDg%3D%7Ctkp%3ABk9SR8zc1tjqZQ,2025-06-09 12:34:11.948508
ebay,iphone 13,128GB,unlocked,300.0,Pre-Owned,https://www.ebay.com/itm/177175395510?_skw=iPhone+13&epid=7049287412&hash=item294079fcb6:g:iRMAAeSwAbRoRstR&itmprp=enc%3AAQAKAAAA4FkggFvd1GGDu0w3yXCmi1fJ5pV8W%2FKI6EfQGoEJp0h2YLzC70yHVL7gyuJ6U%2F1IG%2FdQpdmVo7HbZg65%2BLDVfF3iLJhgWOHUQYrUhTqhqv1V17ZwgVrGhbF1Q7J0SnpWidhDcfHmK%2FG%2FxLyA93iEJ7jDnif3PvYjRt1t84ofLhE8sW%2FtsWViA%2B%2BNfYVRBbXBH2KIAMekR8uEzY3dBGfd6avB%2FF77skzk4A0wpWvjqa%2FaYUD7ob1dfdKCv5wdJUgY8MK9nIZq55%2Fp3WaR%2BO5acCfyP4c2DprwruQf8Dsbek%2F%2B%7Ctkp%3ABk9SR8zc1tjqZQ,2025-06-09 12:34:11.948508
ebay,iphone 13,256GB,unlocked,309.95,Very Good - Refurbished,https://www.ebay.com/itm/295228030112?_skw=iPhone+13&epid=25049270798&hash=item44bcf63ca0:g:opwAAOSwi2RlDb7w&itmprp=enc%3AAQAKAAAA0FkggFvd1GGDu0w3yXCmi1fZUMFvdKJoVuzJ2rHgDeQDNj%2Bard3nzPoIHNxjPvbzGTzsY6j6t64f1BwMRpPGnlC9EvozEx6jQ4Z2wDmA4avO5LRiRl5UWX8IBZOVnHVCG9Hq5%2BtFvGCygNj1dBba6wzdP0tJ0AcFEWc3roBEK8o1oE7TOrmBCU1ZfhB%2BvY2r9Yo64YC9gGQpV7Wu0oXo4%2FmhFAweF3nje0g9wH%2Bq%2BQtKqjCHjU1vRDKluAbzrwFGBRNAixC0Vc3ZuYsNhtCUdfc%3D%7Ctkp%3ABk9SR8zc1tjqZQ,2025-06-09 12:34:11.949508
ebay,iphone 13,512GB,unlocked,414.99,Brand New,https://www.ebay.com/itm/306305739599?_skw=iPhone+13&epid=22052771085&hash=item47513eab4f:g:1lgAAOSw0Axmi~Fm:sc:ShippingMethodStandard!46256!US!-1&itmprp=enc%3AAQAKAAAAwFkggFvd1GGDu0w3yXCmi1e6fr6%2BfitpHoZRigACe7bW0yXSrMqxbPIlfL9gc0W56bMPRx8KebThN8oTrLP9uxhCY4SiEgRm7KRyIOvtsvXh45wnfP4eV6dpKIHQz68rFbRBLrKM5XdkqUTgPX--UTGs%2F8c%2FnctcgkBio9ySfCVS5gIVIL2J%2BdLHcsUXjbpWJAybDE2SqQwx6rXc%2BXwIEfonnktwiKB5PcawaLyEgv7aMRJZhppkpGbBtdH1puPjwQ%3D%3D%7Ctkp%3ABk9SR8zc1tjqZQ,2025-06-09 12:34:11.949508
ebay,iphone 13 mini,512GB,unlocked,354.95,Very Good - Refurbished,https://www.ebay.com/itm/304273365580?_skw=iPhone+13&epid=6049292496&hash=item46d81b1a4c:g:l14AAOSw95llDbyN&itmprp=enc%3AAQAKAAAA0FkggFvd1GGDu0w3yXCmi1dKt8gHCKXElcMf7x4gB3gvRWfmTBy1k2N6Q%2B5uy%2BPnrV8ZCdUdX8cafnkrMOJRJrkOXpgOvZ%2BCV61VKvsuenEP6yDRVtdNqv5hhVLSvxCvhmm4yL%2FZrynlXtIxMxPUYf21YXvdb%2FpHyrSKSYHo4ZWobgpC0mbQvas2FgJR9Sd3kjhct584%2BrK%2BP%2BFBr%2BeC6bS2fssFqeGSmS7cU8dkXIAkFWBRIgFo9ZG4APzFsIrsv6%2FXd83c2HDePsll6GvnqsU%3D%7Ctkp%3ABk9SR8zc1tjqZQ,2025-06-09 12:34:11.949508
ebay,iphone 13,256GB,unlocked,280.0,Pre-Owned,https://www.ebay.com/itm/326628488268?_skw=iPhone+13&hash=item4c0c93344c:g:sb8AAOSwKCtoRvQC&itmprp=enc%3AAQAKAAAAwFkggFvd1GGDu0w3yXCmi1eQflLcAyBT2FW6d49OQUW8Hdp%2BuDqcVgyM2xNm0wFelTdwjYhW5hhx%2FelJQpqUlMyWo7o1ZR3to9lj2zSFJVpaUoFiUrPnXiGRERhwYul3wxN%2BKRche6GTXvbarprwVGSO02YkUoRHZss7Ynrekh2wnM4k511chO5R6qiqFOY%2B30GdKGylUaU3cyjRFoc0T05OSug8aXYjTrA4tPFiNifdgZpeTyVB45F483mPe4r6NQ%3D%3D%7Ctkp%3ABk9SR8zc1tjqZQ,2025-06-09 12:34:11.950841
ebay,iphone 13,128GB,unlocked,309.88,Excellent - Refurbished,https://www.ebay.com/itm/364799866194?_skw=iPhone+13&hash=item54efc43552:g:t8QAAOSwXt1l-zLI&itmprp=enc%3AAQAKAAAA8FkggFvd1GGDu0w3yXCmi1eXy6HCFnp6JUIzY5HN4uH0ztnmpM3zBwNVZKlDfQY3uX3Vu9rd70%2B7j4K0uC5dohdBRBhy7F7BU1KKnW6Ltn7CvB08EdTNrvCqksVIkxMZZpLf%2Bdg96LXjrdr58cGCJPUpCS7XGQqShfatdahKxe%2BM5pulsVzduIk%2FFolBHYO%2BSIB6rkdlJFxfi%2B%2FM9oRxSh74o%2F7X--wLGRKfiCf4tU8pWEFhDhQI25QyYsB44WBgXvD2m80nmmkGrA3vMXf44I%2FKSBmNke4VP6OMK2eztc82AyxaISEcxT%2Fu%2B9HiLoel4Q%3D%3D%7Ctkp%3ABk9SR8zc1tjqZQ,2025-06-09 12:34:11.950841
ebay,iphone 13,128GB,unlocked,379.99,Open Box,https://www.ebay.com/itm/226743228864?_skw=iPhone+13&epid=11049276145&hash=item34caf319c0:g:5noAAOSwasBoHmqQ&itmprp=enc%3AAQAKAAAA8FkggFvd1GGDu0w3yXCmi1dGPJxtveJBxE3W1j9RHX2n4sME1huO5qanoHhaNL3IbHTZXyEzkirI%2Bgp4iiNZPqGxwRdm%2F8pfBdP%2BRhwNx3CuCwB3gmKT4bQ6Dx4T7h40MXC7kck3S0qBZvkHIizeYV9XyXR4sdRkbwiXGPxG0t5HclYtZus5Jq0z%2BYbXFHO23LEG7bAyr7W3sr5uAM1PHkmrZgQ1zyDDpMaYTD0YUiNyT2%2Bljp5cy5%2BdjwLNN%2Fm6o%2FVQxZ7BYUf4RW6Yg8qmFFsFaD62xDpf0ZgsH3MuTrrtXxxlKIIsHDdIkjuei4tUUw%3D%3D%7Ctkp%3ABk9SR8zc1tjqZQ,2025-06-09 12:34:11.951930
ebay,iphone 13 pro max,128GB,unlocked,439.0,Pre-Owned,https://www.ebay.com/itm/388554875829?_skw=iPhone+13&epid=10049287446&hash=item5a77ace3b5:g:m7UAAeSwDP9oRvMB&itmprp=enc%3AAQAKAAAA4FkggFvd1GGDu0w3yXCmi1c4XPQcs4y2wFY2opcuENH1zZLrptjNtPD7OgDF%2FqYsQANg3t2FMfEx4CUHZMsuoguSydKsKKJ%2FmUJbQD46Dkv5WpMI5OitgxkBgHGmRnlr2D3UWuvqc%2FcioDfU8jmzd4t9eZD%2FD7cWUP4zxjK6W%2FfjBawj6G6cSHkiUb8QogkFQih1qJgU3qCF93sDhNrlHBS71HQAINCN1TfrMflftiwZT6lRgoWQUFuG5U%2FHGaUiwY%2Fc6H8LbzKCkNJ3x4ykr5ivqMjz%2BKlK1WInp6iQs8eO%7Ctkp%3ABk9SR8zc1tjqZQ,2025-06-09 12:34:11.951930
ebay,iphone 13 pro,unknown,unknown,3000.0,Pre-Owned,https://www.ebay.com/itm/205240510986?_skw=iPhone+13&epid=6065012413&hash=item2fc949aa0a:g:FR8AAOSwMyhnkaV2&itmprp=enc%3AAQAKAAAAwFkggFvd1GGDu0w3yXCmi1eLNNiFZRxJbKAO8HIYnrE38sxSRxf5B%2BtnOlAHvozFUd9lTNjnOrx8WlQOGS1TOY%2FTp5VmKF%2BNIBn0KXiW4SBSKsuAZPHQ%2Fu4qYwaRskXGj1Q38C6Y5%2BhpnGsiAfIK7%2B5K6K3YEj%2BI57P9YJoHjD0aVmvFywQh8783fFwzSzVCUQUYuCU%2BT0WClXKxhhQ%2FWlnVcAQdTLMOL8DTen5pXEQQ20Z2TdPmVEHhCB6ThP%2BShA%3D%3D%7Ctkp%3ABlBMUMzc1tjqZQ,2025-06-09 12:34:11.952939
ebay,iphone 13 mini,128GB,unlocked,286.0,Excellent - Refurbished,https://www.ebay.com/itm/226272904942?_skw=iPhone+13&epid=27049276471&hash=item34aeea86ee:g:VQUAAOSwksdmrE4B&itmprp=enc%3AAQAKAAAAwFkggFvd1GGDu0w3yXCmi1cqUhAcStB3Hhu5Anxl89ygRaeSANsicPeuA2DSoBjgiKNq5n9h84syAoiSNnePKBSs%2B5RMvq%2BB5e4F3mVvOtUTYDbVZ3doG6S3hbsRJ0pirQdsTtznktZz6PvL3rYgBxblPft1qBYIor8V86KJ1owAaY0q%2B5pwmizxk3XV4uzGbByRn8z%2BSOjBLdQFQvmP6ZOZ8EkFLfz6gqafxCC3KkEvVUXNe0Idrzste5YZRqjTMQ%3D%3D%7Ctkp%3ABlBMUM7c1tjqZQ,2025-06-09 12:34:11.952939
ebay,iphone 13,128GB,unknown,3000.0,Pre-Owned,https://www.ebay.com/itm/176805371358?_skw=iPhone+13&epid=3052778279&hash=item292a6bddde:g:uloAAOSw7jJnk-un&itmprp=enc%3AAQAKAAAAwFkggFvd1GGDu0w3yXCmi1dhPMhZr%2FJSEFsdhSfU1NOPRkjhTCkt%2Fp2FWLMa1gjAudBXiW1lSbXFxhVXjpHR3GfFSAICeaZbthxaydfxlolkDH8HOn12yLUTlitfkBzqxCkcH8jF6JdsMu8pCOaKJiX9I6Jew%2Bojzwd6pgrNsBCkipxaqEtmEGH7DD9oiqKnJmDJoIt88JCQNJBnAUmn--lnL%2FTuWA%2FGqB3nz1X06ZKx95C058AI2upP8O0V0GkNoQ%3D%3D%7Ctkp%3ABlBMUMSE19jqZQ,2025-06-09 12:34:14.406813
ebay,iphone 13,128GB,locked,265.0,Open Box,https://www.ebay.com/itm/357032960774?_skw=iPhone+13&epid=2336045935&hash=item5320d2a306:g:86wAAOSwA1ZoQDTx&itmprp=enc%3AAQAKAAAA4FkggFvd1GGDu0w3yXCmi1cpjHIWxgVM128%2FDtyEBjPUiBNek7mxk5IxpoWvRO8YMtVos7mYViRj77nx%2B9mEw73rqAUoXOhRp%2BnFATkqHktnDhJiKYJpsZRnOwq2aMn3b6A%2B38WoVmHWW4Mp8sb%2B4h1RmQ3Ec9FPe6te7Npznj4RULLpEHOiNBGJcF%2FV882Y4Oq66SZVIemo%2BeNrQz%2FRzrOQjst3eg9hH6%2FkBx51qI6zc41%2F8%2FVTjK3DV5z42VJ3wiMIYoomAWcJN1CXJHQn4oQX70YA%2Bv8moIfAIWFkutEZ%7Ctkp%3ABFBMxITX2Opl,2025-06-09 12:34:14.406813
ebay,iphone 13,128GB,unlocked,305.0,Pre-Owned,https://www.ebay.com/itm/205546016495?_skw=iPhone+13&epid=8049288614&hash=item2fdb7f4eef:g:EqEAAeSwN2JoRiMD&itmprp=enc%3AAQAKAAAA4FkggFvd1GGDu0w3yXCmi1fIHyp1E0sGYjuO9Y%2Bu%2Bd3Wg05mJnN%2B6aPSxQq7FfBkvMTpU3U47WPoABGHSL4DWq5nQiCvrPzvdU%2BomlpTpJsAvYwCMcUifGGdExThlAgxk1Q%2FTkOAEafh0SRtaG%2BX9O7pJsI52yk98uNI4PNvMw%2B7QEFkN%2FzA%2Fl6mmuChSVnx9HOq6dj91ANAss0AofenQSO3a%2BcwAWErUUvA6v08MQOLN%2B8lhA75jcn8QWvBmCFFb4HhTSuWtso8BfunutmpS9aSaTh3Vhjwtcm4inioNHbe%7Ctkp%3ABFBMxITX2Opl,2025-06-09 12:34:14.407813
ebay,iphone 13 pro max,128GB,unlocked,439.0,Pre-Owned,https://www.ebay.com/itm/388554875829?_skw=iPhone+13&epid=10049287446&hash=item5a77ace3b5:g:m7UAAeSwDP9oRvMB&itmprp=enc%3AAQAKAAAA4FkggFvd1GGDu0w3yXCmi1c4XPQcs4y2wFY2opcuENH1zZLrptjNtPD7OgDF%2FqYsQANg3t2FMfEx4CUHZMsuoguSydKsKKJ%2FmUJbQD46Dkv5WpMI5OitgxkBgHGmRnlr2D3UWuvqc%2FcioDfU8jmzd4t5oZ%2FizaonqbGbkKehaCf3okv3KTbWfW4X3ltzN7IO2wMeCz96EMuMtpffJmMalBI6GetVfBXAML1GyBPxDhhmPJKvvF9Dzd3da8aJtLq8fSQsr4k6zdUAMAxuLmeqYpPDA9VfB8YxgamX3bvGRN9S%7Ctkp%3ABk9SR8SE19jqZQ,2025-06-09 12:34:14.407813
ebay,iphone 13,128GB,unlocked,285.0,Pre-Owned,https://www.ebay.com/itm/376229117048?_skw=iPhone+13&epid=11049276145&hash=item579900bc78:g:6DoAAOSwildoG2-i&itmprp=enc%3AAQAKAAAA4FkggFvd1GGDu0w3yXCmi1fP1vFkN038mk3zFValWTAbLz1ywzNouAje%2BNK4J2DpELn8WhVijEB%2Fto5AwFfa6DOAQCes0jumWR6YjIcH%2FS8LjB1Mx8ioLAw8RtCCr8eb4sx6tsJRF2sMbj8zIvOZY6JFKeIHbOsugpHSMdwQ2IOGN4Wjs82pFgLikQH0t2ljmWUXq%2BmcwiH1hnSI7BSUqcZfZO5cluYgZ9O203uyiYvHt4pXyr0vptSBkCiS9tENj0pCewEByNFrQ4Ij316plZIRVmFgtaI6lecO57lKR%2BeC%7Ctkp%3ABk9SR8SE19jqZQ,2025-06-09 12:34:14.411280
ebay,iphone 13,128GB,unlocked,342.34,Excellent - Refurbished,https://www.ebay.com/itm/354593664308?_skw=iPhone+13&epid=22049282568&hash=item528f6ded34:g:MUwAAOSwuJtjcrgK&itmprp=enc%3AAQAKAAAAwFkggFvd1GGDu0w3yXCmi1eIN5I%2F%2BC8FtHoP0C0405sr7FsXVLRTGyDfUwVYZRSvghm6qGu5ZPS4IlO55fJzu36mc9C5wjXp6P0KkxLdBOZA%2B859lV4wkPG1g12t0DO%2Ffka2zVcQd872TgvDDk9P4xcIpObCJNfHhoxc95HHq7BHQ99dsu4ulq5bgthDFztK1h5p8HfWc98ZPjAYoYmD%2Fei%2B2MoYZpyNJFiEJAaFzCHOLK1sdmaIZ0dVEyEAtae%2BOw%3D%3D%7Ctkp%3ABk9SR8aE19jqZQ,2025-06-09 12:34:14.412280
ebay,iphone 13,128GB,unlocked,289.0,Very Good - Refurbished,https://www.ebay.com/itm/276265288142?_skw=iPhone+13&epid=11049276145&hash=item4052b1c1ce:g:1eAAAOSwzQliIPaw&itmprp=enc%3AAQAKAAAA4FkggFvd1GGDu0w3yXCmi1fs1pQLhizu8WHyqZ6UMeBZw4a7mGh0ubKVtOd3wFwtXQrzvJCylipOBRM%2FaGJbt5siAmzL8aEHWqOEbq4IEIIRxRQa1ddGH8TS%2B97AeBx5UgoGxoumgmDPYA1oGDojUQ4htdXhbQH9AXHzgoRIY32TwdOmamiU6qkJH6IveeFV4NkilsClekAyD7oezHQN9k709M%2FFx2XJfH7Y%2BqoJCQODdNd%2B8TCRydezeBwT5M8bAfcoWPtq5fpWxNj9Kml3Y%2Feya2cWUhd1hVyLnlpR6FaA%7Ctkp%3ABk9SR8aE19jqZQ,2025-06-09 12:34:14.413281
ebay,iphone 13,128GB,unlocked,278.99,Pre-Owned,https://www.ebay.com/itm/156827609697?_skw=iPhone+13&epid=11049276145&hash=item2483a76a61:g:k-wAAOSwieZn1H6H&itmprp=enc%3AAQAKAAAA4FkggFvd1GGDu0w3yXCmi1fum6EoEzYRXVpauVOSGtev74wtNz2f98t41n0ebDadInF81LZr5Fz7FKws5iUkHsUWuwkRCk8e0SdSxwXQaXe4R7jh6LDQivwLKizUBJEO3pamngoMkVsmhBDv9Fz4GzmMeAbPLdKRSs5zGlqyE5ksdniUEg9DlTYJSrkQqQeZc1hcyt%2BDBCKV%2Bpk1Gc19CRy14ZR5uOLNlYsik67328%2F27IHpNYNV1co%2FmlURnyGrt7eZrp5RM5GftEdoPOn5V24pSMnLqsNgsvx4OONxPZXb%7Ctkp%3ABk9SR8aE19jqZQ,2025-06-09 12:34:14.413281
ebay,iphone 13 mini,128GB,unlocked,209.95,Pre-Owned,https://www.ebay.com/itm/294838709182?_skw=iPhone+13&epid=20052773143&hash=item44a5c1abbe:g:8dsAAOSwWXRlDb0E&itmprp=enc%3AAQAKAAAA4FkggFvd1GGDu0w3yXCmi1e4KUlKZa%2FpcKWr84yD%2BoqInRM01obdzdnvavABTM%2FH%2BQnr9m91CEwvcPBOEoVTzvlkhTxW1DYvecVqBNDX8pYqVGrLA70IgiyubkbGg%2FvbpOtd5YuVv%2FUgaLROzstJFopXOoVFnz287tppiIwDsD3vpTROAp9MMWXlIZ03WzR%2B78c2uYqXIb00p%2Ft0OCQlyookJJ%2Birp1cIwpKD5J3enI8bNuzBN8EkwaoK%2FZ7bL5LdCNyHvHmv6wc%2FB5qWP1GvCHUQ8GK8cHw1sjo5lCSOqQv%7Ctkp%3ABk9SR8aE19jqZQ,2025-06-09 12:34:14.413281
ebay,iphone 13,256GB,unlocked,300.0,Pre-Owned,https://www.ebay.com/itm/326628477842?_skw=iPhone+13&hash=item4c0c930b92:g:JXYAAOSwILtoRuyn&itmprp=enc%3AAQAKAAAA4FkggFvd1GGDu0w3yXCmi1fp8TBd8dmNAb2OaY5KmSy3IMs9%2F6XpbNdrRlUUSpaZEqph6pa5UkfuCLISDtwDZn97fEr2oYU7X%2FVEoA2e0ud31LFUx4owmscCLdlsKA40iG%2BuPFTWjs%2Bwm55bdig1TxBEeGe4m6J2v2pqnbYVL7IfJhJz3q2nDAVaiwlHnEUMprsiauN3Oxm292HvnDJgYBho8m%2B%2FmSpzD%2BAaHHJ5EQ8whNR%2Bq8%2BT0Xrwme1sxg4ePF0Zi2k295BTXbSc2%2ByfkQDVU3VdDYCU8tor7WjJpn%2FK%7Ctkp%3ABk9SR8aE19jqZQ,2025-06-09 12:34:14.414280
ebay,iphone 13 mini,128GB,unknown,194.99,Good - Refurbished,https://www.ebay.com/itm/196517411775?_skw=iPhone+13&epid=13049281007&hash=item2dc159bbbf:g:s7cAAOSwV2lmnxMv&itmprp=enc%3AAQAKAAAA4FkggFvd1GGDu0w3yXCmi1dLBMpg%2FuYI1ckDdhkIM9BLx0NGPchxpRPnfIGoiJ4TwL8ZORStVLG9hoxVTfY2fVxVVRj8saqF0im9qqzMXbYxr%2BVmF1DCmAjixPfdvKR2QqQfu95n8tTD6%2FdOfm%2Fv1Jo%2FxB4HX2HkixvSx99ofm8Aqh9S6d%2F3sqMKQpAB8R6XQ2AgZa0zgTZJphIAaMghtvKTnTd5NFFfyu%2Bruho35F9NnXQleXEvBBQ%2Bt6rH8nOdXTgJwBZo07Tjac4az0V7uU9o71tydZPYgr4bdNpLv5xj%7Ctkp%3ABk9SR8aE19jqZQ,2025-06-09 12:34:14.416284
ebay,iphone 13 mini,128GB,unlocked,236.95,Good - Refurbished,https://www.ebay.com/itm/294655667278?_skw=iPhone+13&epid=27049276471&hash=item449ad8ac4e:g:IYIAAOSwp~ZlDbyb&itmprp=enc%3AAQAKAAAAwFkggFvd1GGDu0w3yXCmi1dbaO968q5tZSyRTxCxyqxOuh5ilmcwPeqixs37UMnymCyKRo94rqOmqu%2B43gk9%2BXhcmxthF54%2BdIDXcBEi9v6HOTL9qv1cPeWmfQE%2BS3dp6qFNJnGMrb%2FnrS6raUQhWycAA0Xg7vPyuzX8%2BANtyGt5I3UBz0sMrQtEvP2J%2BYpkLySdS0uOekmO5czXeJAsksWVFDGA5GGB954nEBPBnwRx%2Fd0nB1DKQS9HkVy4jVS3Wg%3D%3D%7Ctkp%3ABk9SR8iE19jqZQ,2025-06-09 12:34:14.417282
ebay,iphone 13,256GB,unlocked,289.95,Good - Refurbished,https://www.ebay.com/itm/364647886918?_skw=iPhone+13&epid=19049287637&hash=item54e6b53046:g:sSwAAOSwEYJkNF~h&itmprp=enc%3AAQAKAAAAwFkggFvd1GGDu0w3yXCmi1dQ%2B1I8gAMSk94SHIYYGy1y2iPCQNaIqavy6B%2BSJtd9Geo9%2BBofVRe9wSp2%2BI6Z%2BOOjGRe%2BlIHGIaymuxBNPtUZLP5MoXEKfd5Hz6BGanQeRr3%2F5PRf%2F0097R2a6Ccl6V8IpTFWqAcebq1PfZSsepggNVabmdIGmzRqUCxB6aPUGMC4iv8pF1GsbFzWsn8k1mbmC5GVdNimd2ibEEFqyi1%2FDKT0rtHopM1VihxOSDKwcQ%3D%3D%7Ctkp%3ABk9SR8iE19jqZQ,2025-06-09 12:34:14.417282
ebay,iphone 13 pro,512GB,unlocked,397.95,Excellent - Refurbished,https://www.ebay.com/itm/127098347437?_skw=iPhone+13&epid=26049291157&hash=item1d97a6dfad:g:FjcAAOSwINJhQhsZ&itmprp=enc%3AAQAKAAAAwFkggFvd1GGDu0w3yXCmi1em1GxsiGb37UK%2Fuu1fUlFEziC80oOyV%2Ba191IQlFk7FxZIJ%2BPj9XT9FwBQMWOhQ594W%2B6P8%2BpLaWI0XruBvJ9VlGdI86b%2FF7z2UPhnEBejqwWeGqEMs7tOg4pGq8iOoo62e%2FLjt2VrvgCw7F%2F7UfRsDBVQfRu%2FAr5RUOwEHO%2B8ZiMtdpkPs9klLTF5xfbgetRyo6Y5ZfFruMbeibVAHqwKg%2FhqOcX3%2FDpEHfLSfWLl2A%3D%3D%7Ctkp%3ABk9SR8iE19jqZQ,2025-06-09 12:34:14.418785
ebay,iphone 13,128GB,unknown,227.99,Good - Refurbished,https://www.ebay.com/itm/176451056217?_skw=iPhone+13&epid=14064993588&hash=item29154d7259:g:2f0AAOSwA1VmgxMv&itmprp=enc%3AAQAKAAAAwFkggFvd1GGDu0w3yXCmi1dGd3vrMEQSp1VvjcGYo%2FOb8bXbD4NHc30ipGa1Jd4gQeZdEcuWh3ZYGZAuDhZb%2F%2BwJsnRgAYPBa1nH5QkQsFum9gxfmwXFrDROmBIGhYzrTG19borEyszDtHT4l%2B4ermqePHb53wdVMfxtuhQO3%2Bh%2BrciDOAXMf1EEY7JgyzzgBFiwmIDKx4%2Bu36hxL5ETDDBlbGwqS8aVHq29XWuMdqdAqHr%2BJbu6l3X4%2BkykVNu3eg%3D%3D%7Ctkp%3ABk9SR8iE19jqZQ,2025-06-09 12:34:14.419783
ebay,iphone 13 pro max,128GB,unlocked,469.99,Pre-Owned,https://www.ebay.com/itm/226382983739?_skw=iPhone+13&epid=3065004381&hash=item34b57a323b:g:gVkAAOSw2VdkCd4I&itmprp=enc%3AAQAKAAAA4FkggFvd1GGDu0w3yXCmi1cNOZAyKewlORsPYSE9CCk5FcsQjjF8si3ABh7qLbWdo1CkBOTCwAVkQ28VKXjpppk6VRFNOpKsO80QzHsjShvw2hw1ov9eDQVRmpmu0x3VlVHPot5%2FFKVpJ4tmAZXfF5m4gCVbwudjH9Adu0n6ddYzrbPxKofMkl4dTkxZiD%2B8S4UrT75qCBoEftVW5jxvtUM24ArS7k6O9azKlhnrvjdtUmfsuSGEG%2FrQRDXzo7hmqSOExHGlySmrX7p1lNe2omMUZeWAu3h2IPg3mOHAWzfP%7Ctkp%3ABk9SR8qE19jqZQ,2025-06-09 12:34:14.420924
ebay,iphone 13 mini,128GB,unlocked,224.99,Pre-Owned,https://www.ebay.com/itm/256842759153?_skw=iPhone+13&epid=27049276471&hash=item3bcd057bf1:g:b9sAAeSwutRoNfud&itmprp=enc%3AAQAKAAAAwFkggFvd1GGDu0w3yXCmi1dPZ4RMGCrsLcEGBBu7L7iFeudz1E8kOd%2BRYushSWaV5aDzVUanvJqfOqlM8m68d%2BEtFUIbIuI%2BIplgMbLcBpsUDiLl4Mg%2FuxfYn6b9hQY78flMqCidaZNLS6Fui%2Ft76mgpY52w1UTyhySzIR5Q8HHWvKuua%2F1IODoGeNxVfjRkuw5JxOvFjT5vPPeY5rMVVd1zZMWYbzJPFtihbSInf1Tn5nszdCV3fRMOGhl32e2Kxw%3D%3D%7Ctkp%3ABlBMUMqE19jqZQ,2025-06-09 12:34:14.422261
ebay,iphone 13 mini,128GB,unlocked,334.99,Brand New,https://www.ebay.com/itm/376196258861?_skw=iPhone+13&epid=5049289969&hash=item57970b5c2d:g:sloAAOSwdnJn9nW~:sc:ShippingMethodStandard!46256!US!-1&itmprp=enc%3AAQAKAAAAwFkggFvd1GGDu0w3yXCmi1dWRNjefxP%2FPzt4o1L%2Byd%2B9dr3M8jX%2B4XfF9nTqmq%2F%2BX9Q5zj0UDIdSRI%2F8GaKkqR%2Fe0iSxrUWcSLcaSYcgzZBqlL2eV%2B9IF%2BC1RLmtX9sO%2FL%2FlwHTBc1W7HyQlrgcszDHNBMD8%2BLICSmm0ksKo%2BgvxeG%2BOhHgjN4nuT%2Fsoj7JRcyVN8NudvA%2F54dMBfM9XeUipqvG%2FsCCdF8IH4FhkFVFXLnsVqKSBNT1EdgkG896gxA%3D%3D%7Ctkp%3ABk9SR8qE19jqZQ,2025-06-09 12:34:14.423261
ebay,iphone 13 mini,128GB,unlocked,229.93,Pre-Owned,https://www.ebay.com/itm/256754105930?_skw=iPhone+13&epid=5049289969&hash=item3bc7bcbe4a:g:K9gAAOSwY0BmYheh&itmprp=enc%3AAQAKAAAAwFkggFvd1GGDu0w3yXCmi1fo7lZbj5QfJMqqXrsSrhlxfv0XIO32rxla5nHe5risyyUWqR0jBhb0a2lmb5neIKMfLv1IBFB95zDuwzTMVNktwv0tInuteWofShuZrtWB%2BCILgyNc2durzFLBDcBtIq3YPrgA9VqUsqcBKSJpSLLDdsQi%2BAW08jONkj9TTx0aGfznRPqKbR7RSayIvh8hvlRTpLHKd7YTyD41iDMtch15rUNJmHR9seBZXU0hVP4IXQ%3D%3D%7Ctkp%3ABk9SR8qE19jqZQ,2025-06-09 12:34:14.423261
ebay,iphone 13,128GB,unknown,299.99,Brand New,https://www.ebay.com/itm/116202586377?_skw=iPhone+13&epid=22072665462&hash=item1b0e36c109:g:Ur4AAOSw14dmW4rO&itmprp=enc%3AAQAKAAAA4FkggFvd1GGDu0w3yXCmi1c1DR5g8BmSqduS%2BL5PIXxZMBBht%2BhznoU0mhjjm162EGlJ7pXTWuWxPMpJAGHDitNGNxOa9cE95r0XxrT0pBCICX3IM5zUcL%2FD%2BjtPCzj0U5KEPYt7W%2FQVfiiPPWVoTIcxTdNuWmncr8A%2BNQkwWwZmTv1KSHmtRym4yfITFovHJD4b14Cy3f%2BGWEQVKfDQ84bfkvkDQvRl%2BpF8mirmqnjbWC7SLxJlmB78s4z4IC3OZUZ%2FYvG5MHQLPPGpTfTM2xSqBJyKYSdMxmcIHevG7sBd%7Ctkp%3ABk9SR8qE19jqZQ,2025-06-09 12:34:14.424261
ebay,iphone 13,256GB,locked,333.0,Brand New,https://www.ebay.com/itm/186851748729?_skw=iPhone+13&epid=12072712455&hash=item2b813b6b79:g:pEMAAOSw8GFnZaFx&itmprp=enc%3AAQAKAAAAwFkggFvd1GGDu0w3yXCmi1fSqQgDPoQgZHvrS3beZCI85NtXOSKKpgwkEAQd3M3IzfR35VxshyblTdXH51SguOI2iYp5dRDnomu6g6ZF9I5zOjrLMdqxpVFeKWMRE423VVqlNjVXtHH6T4zkROHEbgaf3L4uAF1FdyuFOZbbyilqP3osDbbDyhaM3amqpuyr6tC4Fuj9tji%2Fmo%2F3xA7KDhNaKuB%2BIKMv6H%2BOc4Cdfh%2FBsFmBWd4Xbn3l%2FJLQh%2Bzy9A%3D%3D%7Ctkp%3ABk9SR8qE19jqZQ,2025-06-09 12:34:14.424261
ebay,iphone 13 pro max,128GB,unlocked,455.99,Very Good - Refurbished,https://www.ebay.com/itm/226423631540?_skw=iPhone+13&epid=10049287446&hash=item34b7e66eb4:g:ndUAAOSwBYRnIVS9&itmprp=enc%3AAQAKAAAA4FkggFvd1GGDu0w3yXCmi1febyBHBuTHI84T56SvfyzSc2nZUYBgcg3Thv2sbuX3daLJcFCvBoc0dHIDwlXUyZIqhgxtbMmmgj1M%2BGASlI%2FuW38KLlInwlLuLOlc4oIPdjcUxMVlxxIpcPujvtqmTOqmriR27CyswYqedRXTw21PqMl%2BQLGLdHS1rUSIdyzLJkpSyyQKYmYnMhZ%2FdAkXX%2F20IHsS2NupC2WSslT%2FnCFz6BxKdO9BKkgZMNoYRAHkzp1R0NQtQqARctlM9GobtVhOceQ1NPwFhDvrtbOcQVbC%7Ctkp%3ABk9SR8qE19jqZQ,2025-06-09 12:34:14.425377
ebay,iphone 13,128GB,locked,235.0,Brand New,https://www.ebay.com/itm/365633227420?_skw=iPhone+13&epid=3065005809&hash=item5521704a9c:g:wTUAAOSwd8FoIjO6&itmprp=enc%3AAQAKAAAA4FkggFvd1GGDu0w3yXCmi1euGmKuu4S782AEGlDDYMFAJ2xu5Z%2F7mUXVnwjP9eKQQ6ZIyYMEiafICqM7sZOJ3BQnlarXRkfTrnSPOSkM%2Fv8fCwzhb8wpDrdLOwKaPVDBG7mEQ80oXE8cw4R%2FXio52wngUDlnj0Nfo2FmUsoqzKFo8i%2B5zN4nApqq7oS0JQ1V5GhLJCNv%2BNykOD%2FqLC6zipTU3AOtrU1IkfOt55tW%2B7V3%2FlcPcLCClT8fiJ2aY9VBRb3vGICg5pmQYv%2Fb%2B7MaYW2aFryG8e9z4QZkSWhQvCsp%7Ctkp%3ABk9SR8yE19jqZQ,2025-06-09 12:34:14.426862
ebay,iphone 13,256GB,unlocked,330.39,Very Good - Refurbished,https://www.ebay.com/itm/355017792546?_skw=iPhone+13&epid=24049280288&hash=item52a8b59c22:g:nosAAOSwU-hk9jvJ&itmprp=enc%3AAQAKAAAAwFkggFvd1GGDu0w3yXCmi1fXurb2SugjNw7lA%2FrYlMEaqgroXqMQf3h2SM%2FV2ib6tilCe3mrJTVqfZiPVaGv7ySMllJmPjkMNLS3AU2%2FxaVCXYtzc5bWTk9KYcWvUkCrqBC0GzSXwZamix3DO1kl4g77Ojj%2FGuSyhBjB5c9icp8ByjGs0efD2%2B5T7ZafC44hnghpbVpd8P0ApfDBqCBIEqgTYTgkGqj3xTz%2BjDu8yhwKHVNXJlzhommDm4d2N4Z%2F9A%3D%3D%7Ctkp%3ABk9SR8yE19jqZQ,2025-06-09 12:34:14.426862
ebay,iphone 13,128GB,locked,269.99,Excellent - Refurbished,https://www.ebay.com/itm/146085388766?_skw=iPhone+13&hash=item22035e21de:g:Bg4AAOSwTBtlTRxT&itmprp=enc%3AAQAKAAAAwFkggFvd1GGDu0w3yXCmi1fFuRG2qgj%2FGy3N44oBztTOHeZlQEHXGk3QgDqXzj3N2bcLLiSDP486CqdYndgcWNtUvDcsgsG1X%2FYwBM6zKXBrG%2F5bXdmExFU46YHml8nfslVjP1VrXPOZVkALzUi--VaSqUBi7oHxRVxDUwJcQ3CJjcgitOtgWdjUKVqijKWoYF%2Fb%2F0BihO0voAteTkL7txwFWIU1cGbQrGtm%2BobEoa%2Bk2BeT%2BJvXYyLbxvgZw6rzdw%3D%3D%7Ctkp%3ABk9SR8yE19jqZQ,2025-06-09 12:34:14.428104
ebay,iphone 13,128GB,unknown,282.26,Open Box,https://www.ebay.com/itm/306317047720?_skw=iPhone+13&epid=4052765094&hash=item4751eb37a8:g:vgQAAOSwizlmQyh8&itmprp=enc%3AAQAKAAAA4FkggFvd1GGDu0w3yXCmi1dbX228lUFMO1MhLZitsRmfHckXVHe%2FlAZuluV8WBeWWGyCJermSMZtWmyugFUeC39GE6JxTmKQJBSW0lGOO4ilL6bSr46wfqK2qhJqvtpPyr3w0uvDERBoIVC3itekrLTvePMFmN3%2FiN6gmyqAwRQy8%2BMNSLJCXUT6%2BvtEZWr5VgjD%2FV26xvqrssfGhXEoLJu2lGXGxc1vW87fbfXnVx%2FJSVdhA7h9FyhBzHVgQNLLLvFkeLmyRXZB0SUeffoKyDPWihM6sdCwRVNO60rBwnoU%7Ctkp%3ABk9SR8yE19jqZQ,2025-06-09 12:34:14.428104
ebay,iphone 13 pro,512GB,unlocked,380.0,Pre-Owned,https://www.ebay.com/itm/297394059765?_skw=iPhone+13&epid=5049289868&hash=item453e1139f5:g:nOkAAeSwSF5oRnOF&itmprp=enc%3AAQAKAAAA4FkggFvd1GGDu0w3yXCmi1eloNKhsAJe9DlBFkqjGRt69BRdEhn3PLbPBoD%2Fy9%2FsE45whas7X%2Bfy0CzkNPeVzNazZ0dFRwoQDDbu0kOdwPtNwE8LW83YEJi6PtWo6ikVAymE%2FXiPjwS%2B2pv0aQ6mgsEUWHOkUVl7aWtB9sE4rGaIdNl9%2FXmsS1WxM%2FLJNNbPvuBtxzLCQVk4WmWaOjmIaPrBVy%2F74qUf9zuCiylValFxUO029VKRQsC7C9kFxTcxHLXZjeJeJqfSeCJsf3xrTfHwJ1Q2DetTdX%2FVRbLQPuaZ%7Ctkp%3ABk9SR8yE19jqZQ,2025-06-09 12:34:14.429212
ebay,iphone 13,128GB,unlocked,259.99,Pre-Owned,https://www.ebay.com/itm/226617849843?_skw=iPhone+13&epid=11049276145&hash=item34c379f7f3:g:LQQAAOSwtnJkg2fk&itmprp=enc%3AAQAKAAAAwFkggFvd1GGDu0w3yXCmi1cItTcDhVxyH%2Bt7x5%2BFkkt28OvEprgE2AShXldI8M38GuCOoHbkg11KpHslhjVIMLPigVFtTbq1bClnRQv0zhpxzdQNSnqfD1iGPUXwKptcRKbWwkR5Mmo2INFkmcR8bVL%2BZi9wPSK0cQR0SopHC9xwx42ySTdrmaSnuo6ENcpuwAZD7BuCEwCycz5amjrn6eqv%2BVCNu56yw68%2BLTdfUtqQiiCUi7J4CwhzZVgA%2BK6FLg%3D%3D%7Ctkp%3ABk9SR86E19jqZQ,2025-06-09 12:34:14.429212
ebay,iphone 13,128GB,unlocked,61.22,Pre-Owned,https://www.ebay.com/itm/116643444533?_skw=iPhone+13&epid=12052764234&hash=item1b287db735:g:dBkAAeSwFy9oRwmZ&itmprp=enc%3AAQAKAAAAwFkggFvd1GGDu0w3yXCmi1dJfQYqqz0Zkj62SA6Qx2L59Pd1OBsITgb8XZy47tN0HgiwjKwz8X7CM9j8qUCNjaj4HdjhJ6Yzl9DZ4ZcIlXXY3%2FsJ7u0T7oeEAvyaTUe7zU0qKBycokSQsTPzJ30wBRrjPuA%2B9OJn31mUkwFgYDBXcGePhS3DAAp25speK%2FBg0s5b%2FDn%2F8i2%2FUS8cwbh4qBzbVfFF8KmKFN9etYVjeBybJgp%2FH6EybAJTJntrPvbKyw%3D%3D%7Ctkp%3ABk9SR86E19jqZQ,2025-06-09 12:34:14.430221
ebay,iphone 13,128GB,locked,244.5,Pre-Owned,https://www.ebay.com/itm/356366220791?_skw=iPhone+13&epid=14064993588&hash=item52f914fdf7:g:jVQAAOSw2E1mXoXC&itmprp=enc%3AAQAKAAAA4FkggFvd1GGDu0w3yXCmi1e6m0wy4oqGn8kx5IgiaOJHo3n16QiGuTsSEwxqC7jmlM2Xg9AgDF%2B5nmvzRcfLj0lsZ%2BXj7iJ6AFfye5azpsGEYyJ8FftQcCXmMxLsB7cj1JaoPlbvO7zA9pRHypT5vWAn%2FQqunETXzuMKymMHKGi85%2FVo0GXpgvJsiKFHQ%2BaXaExWd1z3AXHTB9XY1fUZ4K0w7O63qcGcxD5W4AWVfSD052QYwPGl6FLYyebItyt1osMhzEz4ALXLlbquMsoPTHeLtLKVQqCduEb0bwxgSaNV%7Ctkp%3ABk9SR86E19jqZQ,2025-06-09 12:34:14.430221
ebay,iphone 13 pro,unknown,unlocked,449.95,Very Good - Refurbished,https://www.ebay.com/itm/305350882176?_skw=iPhone+13&epid=24049281120&hash=item471854b380:g:bc8AAOSwgAhloFo2&itmprp=enc%3AAQAKAAAAwFkggFvd1GGDu0w3yXCmi1eaPQs5FKz3MkCgO0dJCBs86TqQ9BN%2BlhjinCQ0UGhrZjDkhsJ8EEbjuq2k1mUGIi6o0SjR2xCp2CtjMe0Zu9HukeIMrgeKTyVbfCwD3MY3hyL74mDV7hiMbXanbLGl0UioycjsM8YpTPEHH59lUaVe6yOhzqGOhQZcPSr3nijgITK%2B8Dbe8EVFaFHZTe%2B3YLVUxMTyy%2FsI4rcFmmVu7IXXWOqgqFJQxKaONa5GT%2BqW6g%3D%3D%7Ctkp%3ABk9SR86E19jqZQ,2025-06-09 12:34:14.430221
ebay,iphone 13,128GB,unknown,208.99,Excellent - Refurbished,https://www.ebay.com/itm/177051021758?_skw=iPhone+13&epid=22072665462&hash=item29391031be:g:HaMAAOSwWn9oD8e4&itmprp=enc%3AAQAKAAAAwFkggFvd1GGDu0w3yXCmi1cl%2FZAJQiuL6yGFX7gpb6roHVhWifI2kX2IWHcZnnwzIRq1Kl%2BGBmm3XbpNn8qoB8wiEzwXNoFQi4eYGVoXWcw3DS4JNIbjrqnGkRtsbjX%2F9fOhySMvs6tGyIDGg%2BTqSR%2FH%2FCySj1ujXL5sf9wxP9Vz8AycdeFLiukrsnrDHZkeXH6XPLkJN6ayzhBG8F6VWFXizwvHFg2ww5lqAja4Wz52v0rw%2Fwm54PjhgDb1pBNH1g%3D%3D%7Ctkp%3ABk9SR86E19jqZQ,2025-06-09 12:34:14.431524
ebay,iphone 13,128GB,unlocked,265.0,Pre-Owned,https://www.ebay.com/itm/306343977357?_skw=iPhone+13&hash=item475386218d:g:GtkAAeSwF7toRvuE&itmprp=enc%3AAQAKAAAA4FkggFvd1GGDu0w3yXCmi1eKya8LB3De2aMBpVHLawTqXEUsTACbr0Z6jnsl8PEE8NQv3Vml9Mbz1S705T%2BpI3Kv72qz5iAoSGjiUwfkDey%2Ff4xneq%2F9xoISeRNELkM2nUBzsG9CbQzpbgMMagzLB9Q2gAxIiwQ2GjxbRmVkrJY%2BXrh%2FglBg3dUHZ441OPzRtSR8S1Ry1a0ExhGfZxlIeYGXUY8Low39ppqK%2B1hRXEVEmEXP0Q%2Fj3Z0yBGux8Q5MGlOQaZ0pDn%2FW%2FJvQJE2hd%2B43wogYTU3mnzOCffEcb13J%7Ctkp%3ABk9SR86E19jqZQ,2025-06-09 12:34:14.431524
ebay,iphone 13,128GB,unlocked,444.95,Brand New,https://www.ebay.com/itm/225505602327?_skw=iPhone+13&epid=8049288614&hash=item34812e6b17:g:C4QAAOSwOf5kJ46s&itmprp=enc%3AAQAKAAAAwFkggFvd1GGDu0w3yXCmi1eIGQZ%2F1sAvquI2AITyYq%2BkYejslLhz9G5eoMZpxRRRlLGlt0uVx--G7UXKcRlefAEqLKHZ6BjcuDk1HH2Jr%2BzV785%2BCBG%2FDSkzwxRnZPoU5eAKI1UW6lQ%2BUtppaFoX%2FtGaab2Zo6SbA8TFDG%2B7%2BV9O84e0N80GhlptFL58ho8fle9eQHN8xZbg9to3QHQsy4cACSA%2FOzDUKYupNjZcfOTCYk8sUel1cTbz5BnGXoUTkA%3D%3D%7Ctkp%3ABk9SR86E19jqZQ,2025-06-09 12:34:14.432527
ebay,iphone 13 mini,128GB,unlocked,197.95,Pre-Owned,https://www.ebay.com/itm/256934679795?_skw=iPhone+13&epid=5049289969&hash=item3bd28014f3:g:9qUAAOSwBURoAqeq&itmprp=enc%3AAQAKAAAA4FkggFvd1GGDu0w3yXCmi1cvNODyqHo0s8N%2B%2BbKxMRc6FOKr7EKXB9qdx0E9IskFMsL8XPiwc1PL82QaDRawyFLyG%2BRMe9RhkgwG4RxmpdYVNKtkM7s%2FjkkjjKeupXUz9HsVHdxmZ88Gljq6iYRJmMyw7sgN8cAN5ylW%2B9MUxlbTdQcWY366E4g5K72j2C%2FlyfZeOVAfgTUe2HcW2ZDPnc9bjR3AWnNmBbc68y7JOnTc6%2BSVn1XPF4FxSIP7fFBqibNV101LDG11W%2FYfeF%2BghQp2lWgGEHK2ygIocIjcjr0f%7Ctkp%3ABk9SR86E19jqZQ,2025-06-09 12:34:14.433031
ebay,iphone 13,128GB,unknown,269.0,Pre-Owned,https://www.ebay.com/itm/326628454626?_skw=iPhone+13&epid=16064993658&hash=item4c0c92b0e2:g:9RUAAOSwvghoRu7T&itmprp=enc%3AAQAKAAAA4FkggFvd1GGDu0w3yXCmi1fNDgJDB%2BicqzojGrPJmSoDHO8jVMkV5hTOlhLZ387cWqWtsRew74k%2BPc0WqNmcLxmbdixZZWaOXi5cR6gHmGYNgaj4hnPN1OJGzVBuvhzdiGo4wbMZahjL8fQ7r8fky4RrKJr7%2FCMIi1JV%2B66PqOLLkh5MdmdMVWjwFV9Ank5N7usAjFzJmK9HUpEBk121Vxsfk4MMsKFi%2FXxGSQSDRUnLYpxmaYMZNH4yaAtq3Y5%2BtG50Afac3Xbv4ZVKL2HYZQaOEabnpDnJWLyyhM9cWhMh%7Ctkp%3ABk9SR86E19jqZQ,2025-06-09 12:34:14.433031
ebay,iphone 13 mini,128GB,unlocked,228.99,Good - Refurbished,https://www.ebay.com/itm/326556569619?_skw=iPhone+13&epid=27049276471&hash=item4c0849d013:g:hcAAAOSwBmBoERDD&itmprp=enc%3AAQAKAAAAwFkggFvd1GGDu0w3yXCmi1dGb2EZ2luVoLTXz7ViBii2kO2B0VhKkKU9cdNQXhmyJw412w1zeUp4OVvhZPgoF4kWSK8RUnqFTeelBVQBUbtNe0IOaov4XqnJvhuJY1cEoLG7J9GhfxGjdnmoM93x%2FqiMdd2Dh%2FXX%2BRdNR6GUnsX0FTHFdQMDU1O8BNgiQhm4wAsWjMg14DjT2gquh183a7x7zEH1VdzOmtMJT6Xck53FtAxmIn%2BPOIKLz61cSbHsSA%3D%3D%7Ctkp%3ABk9SR86E19jqZQ,2025-06-09 12:34:14.433031
ebay,iphone 13 pro max,128GB,unlocked,474.95,Excellent - Refurbished,https://www.ebay.com/itm/364027692443?_skw=iPhone+13&epid=10049287446&hash=item54c1bdc59b:g:V7EAAOSwbhFjLLxB&itmprp=enc%3AAQAKAAAA4FkggFvd1GGDu0w3yXCmi1fOukzQStCsQrwV16Dxdz0Dk%2FOZXBh6FRV2A9H08NAEEr3irIbIYf8XXFdJ5fbYsNzMK0q5xhHIkCKqboGEb9wc5uwWK%2FDQyHWAicpvoajPB88%2FTYs43SnlRsBOl4NtktIrV369gtkSCOabPJIW05%2FkfDR1NioUWZezJbKGSOFfMEakMUTGPBLiTvORnTLoY6ihYsvzYqO5xTPu4WVhH8VLpPbXFWgXDDlbOz8qzz%2BLqllB5yCgDXsCqab7k8BOwmesIKXHOcTaiTPDkblLSXRE%7Ctkp%3ABk9SR86E19jqZQ,2025-06-09 12:34:14.434037
ebay,iphone 13 mini,128GB,unknown,180.0,Pre-Owned,https://www.ebay.com/itm/127165923078?_skw=iPhone+13&hash=item1d9badff06:g:w~4AAOSwmnJoRwRD&itmprp=enc%3AAQAKAAAAwFkggFvd1GGDu0w3yXCmi1eDKycI4KNkHtjNyWYoGmIqfK5Jxdog8l2bmtlL1KqmMq%2FMRrVVTTFzNF7SGReEOF3Qfaf6nsA0YPXFVPCQL8MRAVUHjxZUKt5palSzo04XOTGIZ1xvGE1Xe%2B%2BVLwSKjMvWz11OT%2BDZBpBVcl2uHEJUlqPCjq2qbxFB3C6kD2ArxQrNcgHM%2FGNzzsx5RUxLrb3u9iFGGD9WGIsNWu%2FgDhp5F0kKpPJP4RLbXhrxShjpXw%3D%3D%7Ctkp%3ABk9SR86E19jqZQ,2025-06-09 12:34:14.435038
ebay,iphone 13,128GB,unknown,225.0,Pre-Owned,https://www.ebay.com/itm/177173447588?_skw=iPhone+13&hash=item29405c43a4:g:gggAAOSwrMxoRh7I&itmprp=enc%3AAQAKAAAAwFkggFvd1GGDu0w3yXCmi1fbOqviPfz4HMP9b2jKlygrQ%2FqgnTDNi%2FZwCLboJwhhr2MneJ%2FHJKR%2BNZq7QDhpgCFyQWI5ow2sc3PmSjFdgGEt2RHS8UExlR7m4uqJ%2B1K6JmcdWpN48pU1GX9cJ1kSqxhiKoT6FZYo6bP04XTcWDfbPHNQ9nfsDcygYfAQPbU56yDzxrYtvL8MGD9gEyT3X4lc88ZLnkjZkn%2Bxq6T4ggr9rdYw20YYu4p4O7l18f5v%2Bg%3D%3D%7Ctkp%3ABk9SR86E19jqZQ,2025-06-09 12:34:14.436040
ebay,iphone 13,128GB,unlocked,345.0,Open Box,https://www.ebay.com/itm/306343215352?_skw=iPhone+13&hash=item47537a80f8:g:dkEAAOSwxl9oRmtq&itmprp=enc%3AAQAKAAAA4FkggFvd1GGDu0w3yXCmi1cTNUqs8eo6umSm7dVLL7898CDOu2pUea%2BIxrMc7MKkMXRQNg0%2BfIL72b3IFDEUd6os0oh5HI8m2KYfKZO7oxCjoHmW4h9l7UzfNLSzyfVYvx9MmyzqrsaOV2bqHhk%2FnlUrZwSJ1SiCgjgZoLjp7r%2FWi5DfwVmOLMasy%2FrVhKZsmnAJoFu8XDa0lFZRXjU791HFS9MWh1bttIkGDcwM%2FYk2ab57zNbgCfARoaVunGBnTZEXoqIpuZtL18Y0wWB4tS06%2F04NkIIWG25H4jytg6pI%7Ctkp%3ABk9SR9CE19jqZQ,2025-06-09 12:34:14.436040
ebay,iphone 13,128GB,unknown,224.99,Very Good - Refurbished,https://www.ebay.com/itm/176486217749?_skw=iPhone+13&epid=11056674541&hash=item291765f815:g:iZIAAOSwyiFmn96f&itmprp=enc%3AAQAKAAAA8FkggFvd1GGDu0w3yXCmi1f4%2F23kAsUudIPNOKhtszO3emEOwjGlyEEww72h8NHmJ3dA2xmFIt%2BKbGeoP%2BojOIkEUVk%2BxJM7aNL7tMoloxk4ED84c98tMb0WNBhldDU9E5s36OYxVZUU2IVEgO%2Fs74ZE%2BP9%2Fc6latue%2BFEz7WT4PHSAsLnvShPfQxRjgzQqKPOHSpr3hli9xSRwCyAYEuggI1YRiUH62aw1%2BAd48J1EWgmXw%2FPCQ19kzsNG7HafaGvqSvlQdo0NI%2BRsRIWoTE5ZZajQZ2TmMCr2mc2IFJOyJeYgpUSKWnYp6z%2F5dgCBEFw%3D%3D%7Ctkp%3ABk9SR9CE19jqZQ,2025-06-09 12:34:14.437491
ebay,iphone 13 pro,128GB,unlocked,127.19,Brand New,https://www.ebay.com/itm/365660184248?_skw=iPhone+13&epid=26049290840&hash=item55230b9eb8:g:uG8AAeSw9UhoQlsn&itmprp=enc%3AAQAKAAAA8FkggFvd1GGDu0w3yXCmi1dLSms2IohCTozfvH2U6dOfeQlrLJYlPAcJppxRnYDEE2DZgd%2FES%2BSSjLLxkvurwXItz7R5Z1t6CWGcdjk83vY1a60zokQFYXqrSDRNkMB7oBjeCNQEsdmnVrT9iDMxAe7wT38WTie4pgGhyqDqKFMhoz09y%2FZt34%2Fhf0FzyCsOMKH0mFtd8ihL4sKLOvZib8fNlvq6eMoy%2Bqb4lZc47YnVk9MK14cQynqw50%2FQPF3PwEHsWAh%2BFRltw99WTDGxpoJojSmjow158j%2FTS6LXg96IZERqKQUy%2FZRopE2vrOdQAg%3D%3D%7Ctkp%3ABk9SR9CE19jqZQ,2025-06-09 12:34:14.437491
ebay,iphone 13,128GB,unlocked,289.95,Pre-Owned,https://www.ebay.com/itm/267276068582?_skw=iPhone+13&epid=11049276145&hash=item3e3ae526e6:g:kvgAAOSwthFoP3X4&itmprp=enc%3AAQAKAAAAwFkggFvd1GGDu0w3yXCmi1c%2B%2B86YOBDSMt%2BJPM3tXd%2BC9XYfj6g8FAvhQFv3WvGP5Dg8mXzo%2B0waJFaKaQ%2Bkj5NCiWY2w7Qvd2mD3bbGikA69F6QsDuIbC%2FC3uRGNYJO8Qc13bThs7%2FlzhCIf6EaDoa4NyLLTR8WKgx%2B5wQ%2BsguUPR1mxH4JdcR1NnzRCA%2Bh9uBkFD8qmwt0sEk5gRCOFquuYpdZ6sXYL%2Frk1IrfsT%2FczV5vFXoUE0uHcmopjterOw%3D%3D%7Ctkp%3ABk9SR9CE19jqZQ,2025-06-09 12:34:14.438783
ebay,iphone 13,128GB,unlocked,274.0,Good - Refurbished,https://www.ebay.com/itm/134353979702?_skw=iPhone+13&epid=7049287412&hash=item1f481f0936:g:5LwAAOSw1~xn7BGj&itmprp=enc%3AAQAKAAAA4FkggFvd1GGDu0w3yXCmi1fFp%2BHQO9rNt3XWPtq0UB9%2BDCmU%2FW9QSMXwqdEJHJtf%2FnjXc%2F67tRYy53wS4Uxfe3nfNu6Qf7fTSzCE6mXjk2oM1k1Q6%2BmEuLz6CUZf1B8GXCneWxysUKoldgIjvhibntHZdvHnDXH8GN8EvWXggmEIFaFyHyGQS7cpIzwYcC%2BKqWcHlFYK9z7OVbbsVkskmWhem7aLCkSCNmXsMAc1m9sBtE%2Bz8zC%2BIcv03xd%2FJfdk1WT%2B5LCf94yqTd9VaCq5wClKOYYTdPXT5%2FRpKBrhnWcb%7Ctkp%3ABk9SR9CE19jqZQ,2025-06-09 12:34:14.440137
ebay,iphone 13,128GB,unknown,224.99,Very Good - Refurbished,https://www.ebay.com/itm/176705815942?_skw=iPhone+13&epid=7065012663&hash=item29247cc586:g:DIUAAOSwty9nRrer&itmprp=enc%3AAQAKAAAA0FkggFvd1GGDu0w3yXCmi1exZ2MIEwulwYpt7uPyNmswVqJIrf2UkYNW4U2fDRCzdGV0MD5ykP3kfqlNX57kFTokX8LPd%2Bya%2BMLA5RE%2BCyVrWUFcNwJNU9W9m0WAHhVU901tI%2F4WzfC8Ypv5HQB7HRUWsyiZq7VBHqwVq4KUnN9atZzDeFfgje%2Fann%2BRzjYm40EAoQ%2B7AMxiRQOEe9xwxaqJO4ZIhYGJiZhrTx1TSLn5qV8YNdKsvm9kswDKjCJu9FMKSTUn%2F6%2FTuRrfVTVDxuA%3D%7Ctkp%3ABk9SR9CE19jqZQ,2025-06-09 12:34:14.440137
ebay,iphone 13,128GB,unknown,229.99,Very Good - Refurbished,https://www.ebay.com/itm/196517056235?_skw=iPhone+13&epid=5065010038&hash=item2dc1544eeb:g:uscAAOSwMfFmns2B&itmprp=enc%3AAQAKAAAA0FkggFvd1GGDu0w3yXCmi1cKxkfsTyLePUqSnVGN39uzrjHje4YrQAZE%2BMJygJLUxan8bZo7DF1osy%2Be8yUxn7%2B9WWA3Yayb9pGdCrpa%2Bt2vQ3Jhk60WBzfNcIg0Mvwh8bGk1pCx0tMCW6NgASQpHnikI3tUKY%2Bdz8TkbZBtF27zUYXy3sQ0lqNQviv65EHP3zj4e8OeL%2Fm%2FsLL5wA7QwgZHVNW4ncXV7gEC%2Bv8LNIWl4bn99I2leUXX2YXBuHuj7dsTu%2B38pldwhO2L16Qxcz8%3D%7Ctkp%3ABk9SR9CE19jqZQ,2025-06-09 12:34:14.440137
ebay,iphone 13,128GB,unknown,299.95,Excellent - Refurbished,https://www.ebay.com/itm/386134763482?_skw=iPhone+13&epid=20049285614&hash=item59e76ce7da:g:~z8AAOSwVZxkNGTt&itmprp=enc%3AAQAKAAAA0FkggFvd1GGDu0w3yXCmi1c6VZ5XFIhZCCDo0iF4jr79NBqFab6o5%2BucsF1WVQMxJDfapLAukuUlixSF3St70jDxlQn0qu%2Fy1wkgN4w5Sbq0sLmHt%2FP9%2F5cqk%2BKAyN4S27gumvrqhe0eX0bd1olH7E999vklajoNL%2F95csQsLNEL3xcyzlaZ3htqruh2xWcj2MNcebv%2BhCWOW8fhimR%2FJqGJxdDbKuFw%2F4PRhY7PsKm19EyFS36%2B0Gn7Wm%2BXWj4gJkICEOCog5INqZdvbRB5wcM%3D%7Ctkp%3ABk9SR9CE19jqZQ,2025-06-09 12:34:14.441236
ebay,iphone 13,128GB,unknown,345.0,Brand New,https://www.ebay.com/itm/316091721547?_skw=iPhone+13&epid=14064993588&hash=item499888e74b:g:Jk8AAOSwlgxnYIh6&itmprp=enc%3AAQAKAAAAwFkggFvd1GGDu0w3yXCmi1fi%2FpJPus8w3iTZx4etXIoUHnzq7SCV3LMHNz9ywdbF%2BQwbu0txrf9YRRgMRp5xD41DJqIAEQx42dULlFeWvEJIgG%2FhDg6MYmyzfe%2F0W5Q1dp7kZCBv0YthL8gEiQO7KqwjAPQeURulLpnEn1nETeOAKZBxKRmDMdNFn0liRb0Y%2FgToXkM1idXjwo5d%2B5x8B%2F%2BdM8CAzK3TpXbx%2FtCV0gRGbZHwHdGGCmYvpd0FSbZnIw%3D%3D%7Ctkp%3ABk9SR9CE19jqZQ,2025-06-09 12:34:14.441236
ebay,iphone 13 mini,unknown,unknown,999.0,Pre-Owned,https://www.ebay.com/itm/235928718687?_skw=iPhone+13&epid=17052769721&hash=item36ee728d5f:g:IIoAAOSwuUpnlA~L&itmprp=enc%3AAQAKAAAAwFkggFvd1GGDu0w3yXCmi1dsUt%2F2aZAebOdI%2Fhxa0PysaraDm7Q1R8KnR1hOJywiRxjfE3EA0LJQ2V6dAZFOeAeUTg9ItevRsPDbHEw5vaGPfLFT80VE%2FXf%2BMmJDurQ%2Ba1y1pSv4YUaXYkVQ3qC%2B7cJDXmJ2AdyI3I52nzOfCHGctUSGhHmPaktvbHPegEcuHKLZ9pCloVhPSWlas7%2FgSPALiV%2Ff2BGLRr5Izf7bTnWbPUw59rQGPgoKSRhH00yORQ%3D%3D%7Ctkp%3ABlBMULyr19jqZQ,2025-06-09 12:34:17.023646
ebay,iphone 13,256GB,unlocked,257.99,Pre-Owned,https://www.ebay.com/itm/205459591762?_skw=iPhone+13&epid=19049287637&hash=item2fd6589252:g:ACcAAeSwfn5oE-9j&itmprp=enc%3AAQAKAAAAwFkggFvd1GGDu0w3yXCmi1eVpFr%2B1Pkl7ycjcDIcSlpjMfEIleizBUPMU3ypCG56PAOFHNdmrZdwWOL8k4VmYVK%2BFT36o4KwVF3xnOz%2BSg6XxZG%2BZ19lY2jNOYfqIW4UyyKNrVglariuqF3fyTHoxbzvLaNC4zDO6yhn1JBueaVx%2By4ldhUwSJ3R6fkchdKygAA2%2B822hlW7%2F1gZM1SzuefTPtyoQeoslgmc6o2V7Cjht2xTZqPVjYuhz9NxIrnLYA%3D%3D%7Ctkp%3ABk9SR7yr19jqZQ,2025-06-09 12:34:17.025134
ebay,iphone 13,128GB,unknown,227.99,Very Good - Refurbished,https://www.ebay.com/itm/205529824529?_skw=iPhone+13&epid=7065011220&hash=item2fda883d11:g:Rv4AAOSwXcRoPbuh&itmprp=enc%3AAQAKAAAAwFkggFvd1GGDu0w3yXCmi1cGdIZg0pyct89tbqPY0d9nEEqlvKlNxJGnZHurxq3eIahq9fxIQCHTDPENtmgiDcbqQn8oyKYREu03kFMM25Y2398ZYsTQmSKIsLaCWcQmV2PMHdlK5aM4PvS66TAWjlW9dpo0gGfM1Huka1GSgkDjYpeVPYyJ8P%2FUXCCsMI0gY04hCrZeeLsvsirgQM%2Bd4bMJSsvPrRxsQXfVoALIZApVNGpmC0vzRoGZ7xJqsKKQOA%3D%3D%7Ctkp%3ABk9SR7yr19jqZQ,2025-06-09 12:34:17.027150
ebay,iphone 13,128GB,unlocked,259.99,Pre-Owned,https://www.ebay.com/itm/277155463690?_skw=iPhone+13&epid=11049276145&hash=item4087c0c20a:g:AdYAAOSwTrtn3A9M&itmprp=enc%3AAQAKAAAA4FkggFvd1GGDu0w3yXCmi1dO5o%2BgBpPLkgv%2BKS%2FGt3EmXtA%2BM1tbfXMYAuA2Pi38JzNff21DpGqR9KQw%2B3ccu%2Bom%2FXC38G1yvfZQ7eokbETDMQ%2FmsLrWx0jGeIMU2NTBlKiv4hr%2BBwsViQr1qJ5BmIDPAPIrDqGq%2BVvlJRAlfd1OWitBbsXBZ0Yctu%2BsrQCKJjkO7rWrA4qaFd7gSXCosGfet9zRMMAzkmCCdSf6i9esWNopDvx0mreFSPKPxcgqmkV7LMm1FnZ7Piic%2FrdunfL9pCnuQXVAIfeO8DyxMnO%2F%7Ctkp%3ABk9SR7yr19jqZQ,2025-06-09 12:34:17.029151
ebay,iphone 13,128GB,unknown,249.99,Brand New,https://www.ebay.com/itm/286510273575?_skw=iPhone+13&epid=3065005809&hash=item42b557d427:g:2KUAAeSwS2xoBz2h&itmprp=enc%3AAQAKAAAAwFkggFvd1GGDu0w3yXCmi1d%2B8CO59v%2FUnpKjshET1N%2BQz99ERyCVsgPNpEpddbdj2ph3fVQIL32Lg5hoHHXoeeYKRmihxminXs1KMhHoqE6GoCDkwAgyH7hccM4IQ%2F5n6hJK0DAmyLY1KeD8Uw1vi5Q0%2F5tDhjdUuwrWYBWoKEA9LPLJnB4VcyJum8UTyMRvOUiEQhpAuGmm%2Fml%2BFcQhX2%2FTqCt%2BrFhl5KrylDKGMX7hrdcYDSLHmFaiFyF7XcwvyA%3D%3D%7Ctkp%3ABk9SR7yr19jqZQ,2025-06-09 12:34:17.029151
ebay,iphone 13 mini,128GB,unlocked,334.99,Brand New,https://www.ebay.com/itm/376196258496?_skw=iPhone+13&epid=26049291214&hash=item57970b5ac0:g:AIgAAOSwmUFoHJ7q:sc:ShippingMethodStandard!46256!US!-1&itmprp=enc%3AAQAKAAAAwFkggFvd1GGDu0w3yXCmi1cHZbkUrsExXXAUUTCQ%2BAQS4wS85D4Su%2FbPVqtCUwlwkZuJVlQuha2oMV7JQmdN53nBHz4rm6hXyIGbAviVCngh2SOLvzJc31LeZ28XTtbzI35hvS%2BoZD81A434DhOIvPk0kEIQZbCBTV9cEezaJA8vm977T4zFsn7fNFkwETLOUnCEo4EIehho1sq3JC0C%2Ft4jXJttWuU%2F0cvaFuW5ygcysAjy1xjYn%2FtMntdVLFByVQ%3D%3D%7Ctkp%3ABk9SR7yr19jqZQ,2025-06-09 12:34:17.030162
ebay,iphone 13,128GB,unlocked,700.0,Brand New,https://www.ebay.com/itm/176811114171?_skw=iPhone+13&epid=23071477405&hash=item292ac37ebb:g:FRQAAOSwA3tnmKY1&itmprp=enc%3AAQAKAAAAwFkggFvd1GGDu0w3yXCmi1d6UwEsENVPb2GlTpVeknJVDflMcFPEJzZ9BwhK7c%2BG5kKaPWMmSCiK%2FjvCyFkOan8xLy97moZJSkdlhVZvGL1QR%2BKzYy%2BNS1OuD3DSTiaWzun54ZoH6lkXXiJtHa%2Bno86VBH76Bc5Nu9H0TaCcI3NR9%2FzOeHVEvQzF4%2FtaI%2F7ITxg%2F%2BCE5muImLoyLbPk6lg3SbzORORFTfOt6ho6oeLATzFvgT9Pqk%2FQa6HF%2FaY3T9Q%3D%3D%7Ctkp%3ABlBMUL6r19jqZQ,2025-06-09 12:34:17.032163
ebay,iphone 13 pro max,unknown,unlocked,617.49,Pre-Owned,https://www.ebay.com/itm/326503608869?_skw=iPhone+13&epid=16049279989&hash=item4c0521b225:g:mOgAAOSw6O5nfYO8&itmprp=enc%3AAQAKAAAA4FkggFvd1GGDu0w3yXCmi1dD%2BL20sgMctHsF2Gu5X7t1TLZc2APM7xw6Jq%2Fj6G6xbr9xQHPNAi9L%2Fu%2FpA6cXIt4lMK4hCZDWIyRtX%2F20WBYTXXxoIJcTBD3XMW0I32Qsv%2BoABzX1wUP%2BjPrRrI8TTxPjKKilONkNqPKD0bq0nToldBk%2BiAhWLhRPuTKpkoQkU9WOp7NbGkISbFFCw3spWuvFy5IwlXcSGgxnoirnQIL7%2FLbxzzhH9F0MzfaIquw4kQf7gdIyzT8pVHLO%2FiHUVdt%2FjPLdB79osa5Rx6osl%2BL%2F%7Ctkp%3ABk9SR76r19jqZQ,2025-06-09 12:34:17.033167
ebay,iphone 13 mini,128GB,unlocked,251.95,Very Good - Refurbished,https://www.ebay.com/itm/304517572567?_skw=iPhone+13&epid=5049289969&hash=item46e6a967d7:g:mEQAAOSwxbFlDb2R&itmprp=enc%3AAQAKAAAAwFkggFvd1GGDu0w3yXCmi1cbxunyyf2tnFFjnWGf5Ix%2FlCG%2BELeLhKG1PVGx5lEBkpdQSA3p4juuJNmWLyXxz005qPODssui8oY05yXQc0At1%2FWKIg9wTBbsCGjVO8FnUESkEEfKOI%2Bi4NfLMa0tp1NCZ8BuevGin9Ex9zlveuT9MukiAt83gp%2B%2BzmwhGC3xS6HSLuCYnYLh58Bfgd1WAz9SvTIog4fFZ6qrsUdQ0pVLXopXrRvy%2BoJLAGi%2Bu%2BNjmQ%3D%3D%7Ctkp%3ABk9SR76r19jqZQ,2025-06-09 12:34:17.033167
ebay,iphone 13,128GB,unknown,239.99,Good - Refurbished,https://www.ebay.com/itm/186584582879?_skw=iPhone+13&epid=25049270842&hash=item2b714ecadf:g:DooAAOSwyudmnujx&itmprp=enc%3AAQAKAAAAwFkggFvd1GGDu0w3yXCmi1fnv3%2B1zAfihecab%2B3Lzoa5G%2Fa4zbovO532jv8R9%2F1B%2FJpRuEDhHBquPD8%2B9sX1zIBGQht4I2TVPMlQ5Lat0YAKFdNeg2yKzjXotnLFURcw6PhPljan1tv7uxhE3pMJvVpvPUiKQRGPpbBzycFR7CfZJxk9taJkwtUy2bDCEd27LSo1ZoiZzh21S0GmncEz%2B4ALbsAlKlMSwVOpvaJVCtVf8gZ7KuysAUf9kNWbYChotQ%3D%3D%7Ctkp%3ABk9SR76r19jqZQ,2025-06-09 12:34:17.034163
ebay,iphone 13,256GB,unlocked,294.95,Good - Refurbished,https://www.ebay.com/itm/295267694886?_skw=iPhone+13&epid=25049270798&hash=item44bf537926:g:vlYAAOSwohlk74bW&itmprp=enc%3AAQAKAAAA4FkggFvd1GGDu0w3yXCmi1cJlWIOTo0RQvLOAl8agilKuGZ%2BHUT2ZoL%2BlHF05LeBHTLM6uMSnmYCEGIpA8XhcT3jqtiW5HJ4SO95L%2BCsQBcZHL4aquDnlQX%2FF3DkzcrfkWU60aUq8bWKIR61Zm2Z1G9l%2FcuEU%2BLTmrwRJU5wwpbEOKjXNBfQnoaQ4pHhAaa%2FG4jrsMUGMlUqcvm80ZSj1LRJVavZYbL8l0Pg8RZWJInWb82Q4UvV55XLX1SjD3NtCKmkMVwmvcQTJKuKz5HA%2BN8fJGQyQJca4tfnoWSA3QIl%7Ctkp%3ABk9SR76r19jqZQ,2025-06-09 12:34:17.035172
ebay,iphone 13 pro,256GB,unlocked,422.71,Good - Refurbished,https://www.ebay.com/itm/356176854959?_skw=iPhone+13&epid=8049288657&hash=item52edcb7faf:g:GNYAAOSwQwpnFrt4&itmprp=enc%3AAQAKAAAAwFkggFvd1GGDu0w3yXCmi1eLaHZeyyb3nhMfnmtWE1z2Q8OdrP77%2FvlARjpKSS4xQH9H0otLYQZbcCO00eyL7ezxg9YzjRyx7ZH2QcP9Vtc--VQmstFyyqMw7XmVLaNFJBsoUgFCRCcC1joi21o73b0q5tHX5E1ln7Fjf0bM5gsV4DYkqmUscM%2FVuv9qma2yisRGCxuzzdfVE3AYX9JzSbVv0FhUmuNCzRUVGbPIM%2BuAoYvPYeT5ADs7SBkTzuKL8w%3D%3D%7Ctkp%3ABk9SR76r19jqZQ,2025-06-09 12:34:17.035172
ebay,iphone 13,128GB,unlocked,280.99,Good - Refurbished,https://www.ebay.com/itm/325894459815?_skw=iPhone+13&hash=item4be0d2d1a7:g:uSkAAOSwtXFmvhP9&itmprp=enc%3AAQAKAAAAwFkggFvd1GGDu0w3yXCmi1c%2BGVzMKhUfbKu2fyEtREtf9AzRyOCv7I1n8A5n%2BYGbhDAoFuyTqGwfvjb8q2G9AYq9yKI13hvqejATrrBiHMUP3M8S0q0ecLmHhijyH8gJKe3g3hZXyxTJBwYLbEdfzyIvwfvqIx0xU9tU7v7fYvU1PUnCMuGGZNgi23CqakDVHjQ1AVsk36ichMkgpkAYD7Mdx%2B%2B3VKwAb7UUeD2mjqhgYtTjy36wwcpHdNJRx7Zpfw%3D%3D%7Ctkp%3ABk9SR76r19jqZQ,2025-06-09 12:34:17.036178
ebay,iphone 13,128GB,unlocked,269.0,Pre-Owned,https://www.ebay.com/itm/267249330502?_skw=iPhone+13&epid=11049276145&hash=item3e394d2946:g:WpEAAeSwvOxoI1Tj&itmprp=enc%3AAQAKAAAAwFkggFvd1GGDu0w3yXCmi1cosmjLU1JYXp8XyFYyWSCN6bghl8W7S8YA65TQrLqBeTOy6ZwUhqFbXZpShiUUkUQ8YI3VV8H02jAq0qpGBe8RZrP7lABxTbbp2%2BK1OM2BNYpT36FtueFXREJgeZR0yxN1NW3n%2Bw8f3EPdV1vnlqZYuAx0TI6P61LcB9cHS61bRPK7AvVBNWD1OK3pV6kzIU5d97MvefmpCBxXnN%2FCvNXkU%2B60gHdRmk%2BsoTvdqrOMmA%3D%3D%7Ctkp%3ABk9SR76r19jqZQ,2025-06-09 12:34:17.036178
ebay,iphone 13,128GB,unknown,269.0,Very Good - Refurbished,https://www.ebay.com/itm/116548181179?_skw=iPhone+13&epid=18065004250&hash=item1b22d01cbb:g:5E0AAOSwHwNnz~El&itmprp=enc%3AAQAKAAAA4FkggFvd1GGDu0w3yXCmi1f36NxIphKxzkd0ooBzmP4aifdEUTSwn47Med0pkjUl8cEDda7icbQk%2B5wDIKQz1hoqAHGhaER5Pt4kjdnCO8F6Lu0EINTQgmPLuXSDEz8JS4DDtaXgjUxKDKn4NM9aBvVmh5Z6AwY4vvFhAHtR192okC10hSswfKnQbpq4k8rkTlNE%2BLap3o2fEWlnf4qQPV2v8mZ7JgUsAQZPvB3qE7%2Fv9qwX3aGEkTv6lohxEpM6fTEVdtOCsxgAOStmxVDR6zOSgkF4DGeFhOeVCLLN91Ub%7Ctkp%3ABFBMwKvX2Opl,2025-06-09 12:34:17.038173
ebay,iphone 13,256GB,unlocked,280.0,Pre-Owned,https://www.ebay.com/itm/285456092752?_skw=iPhone+13&epid=19049287637&hash=item4276824e50:g:1eAAAOSwzQliIPaw&itmprp=enc%3AAQAKAAAA4FkggFvd1GGDu0w3yXCmi1e9g6EA8rVkdeLunA6jOqUqwCBJNhzo3EN%2F8CKW1CrOWX6Nr4cc1WmMPP4ihKDlQl1X3LTT6yDeGQp%2FoABJi6Rk3nTBEAHdyRBjik4PG8LO7pyrxOcYXbiBsThWWmrJPX5FbAsqe08ZZDU%2FDtMGCAiEnhcpzLy4pOTWdrDPmq15EgsKzeAZSw--gImtFSTNIgaHc6BCrROMUOe5qnDsARaENWnRUlPRQtw2K50ZmeB2l0WXs%2BlPt1%2FlE2Nyb6WtEobfXLonuSF20bYKhIZvVJWZ%7Ctkp%3ABk9SR8Cr19jqZQ,2025-06-09 12:34:17.039171
ebay,iphone 13 mini,128GB,unlocked,249.0,Very Good - Refurbished,https://www.ebay.com/itm/335954504677?_skw=iPhone+13&epid=3049291490&hash=item4e3872ebe5:g:UDMAAOSwSXhntEjl&itmprp=enc%3AAQAKAAAAwFkggFvd1GGDu0w3yXCmi1caJeRkGoJEoYjSWlHI7V2Ky8lylVsHCYeCk4aFoVPd4Gc5R4KVhg9JPL2UwFl0%2FMz%2FML0tY9LA0LRZDiHNDz3n5ApTqks7Az0HT3lZ8P8b7TUEdEqajuzOGRNnHXcIJ0XhFXCU0qa%2BHwdvVWcz8LncckZKn2u2SvkRpFw4rbX1lgBAnDLDakGfANiga6Wd9mmJX8O0tEH%2BJiSY1nstY9oMb7%2FfCtKq8Wpoa5PQVqBVzw%3D%3D%7Ctkp%3ABk9SR8Cr19jqZQ,2025-06-09 12:34:17.039171
ebay,iphone 13,128GB,unknown,227.96,Pre-Owned,https://www.ebay.com/itm/335960770080?_skw=iPhone+13&epid=14064993588&hash=item4e38d28620:g:9UsAAeSwySpoQg9-&itmprp=enc%3AAQAKAAAA4FkggFvd1GGDu0w3yXCmi1escJkj24AcIO1NdbusqybnKR2UIs8eLYNhrV0R7U83XFE16UZ9KIMW89TJt1saG0Ni2zGjjxVcJzUMUY76hXAZZv2qi%2Bjsxk7T2Ys62h2nUTttCE%2BpasI7K853VBE0BQ6PdZYB%2FCX%2FvRpCIsJ5FiwjjQyIQQsPgOT4Buh3chHWo7JrinPuvR0vFgwaJNZWNb%2Bvr0DARqCVjlbX0H%2F4KGgFEmnVyzMa2TVlfwUomZDt6A3BIPt2d%2BY6MFDrN%2FGeUUGCtku27h8LKt8B93Zlmbv9%7Ctkp%3ABk9SR8Cr19jqZQ,2025-06-09 12:34:17.041173
ebay,iphone 13 pro,128GB,unlocked,324.99,Pre-Owned,https://www.ebay.com/itm/376323222838?_skw=iPhone+13&hash=item579e9cad36:g:4jwAAOSwZaZoNzsu&itmprp=enc%3AAQAKAAAAwFkggFvd1GGDu0w3yXCmi1eYGbYYw9Ucw9yo0fGxRpFRLgDI3GEltdGTpDcaJTk0AdKudKd78a33SF9QlEx58u2SUEjHK%2BKFmMcOrozao%2Fm%2B%2BMt%2BsVGf9Cgzds6hg%2BP1KfERx4I3eX2w5XosnV%2BzHxHArf6HcT8YtG0aIiduAQIpKZrtEc2p0Ydy5iX5i3DIzFfEQl5UFbepkZYcvkhdgxO6vS6tm0k1SGnBwLAdc6nhpRXvPbyJKw0bAji7MacN8w%3D%3D%7Ctkp%3ABk9SR8Cr19jqZQ,2025-06-09 12:34:17.041173
ebay,iphone 13,128GB,unknown,274.95,Brand New,https://www.ebay.com/itm/387935479163?_skw=iPhone+13&epid=15065003832&hash=item5a52c1a57b:g:lgMAAeSw0w1nrVTD&itmprp=enc%3AAQAKAAAA4FkggFvd1GGDu0w3yXCmi1ej72nAABv1gFJ47H5V%2FnrcTWzDyKFKa79GNZwq74vu4uve8z9SX0FErR0z8QQfcMpUqwqxaU2hquo%2FrGsK94EIuqOsxsdP45eOSNFA1pX0tVK8NuDtFRqPEAeCjU%2FzIbkz4jtw5a59W4LXNkqE0W6gsDRbEOVymkkORVvAN%2BXrZkQ2v12p5Is73gS0WZC%2BePPuBg4s%2FP9NeARQ188klhrm0I5ACdGNlZ73dyF1YI%2Bpn6HyDswVrJC5pRPzbvoYvkhmp%2BRZq%2FyiFgVt5xfSN1%2BE%7Ctkp%3ABFBMwKvX2Opl,2025-06-09 12:34:17.042176
ebay,iphone 13 pro max,128GB,unlocked,588.99,Open Box,https://www.ebay.com/itm/126956668364?_skw=iPhone+13&epid=3065004381&hash=item1d8f3505cc:g:whEAAOSwK19kb8zc&itmprp=enc%3AAQAKAAAAwFkggFvd1GGDu0w3yXCmi1f6c0VOY7Qjj3LGQ4wdOFLISXxdqlnIdeS%2FyAfStdW5Ahkz60eT5aOV26jvldm4A3eRM%2BIwT6T%2BGEzkyI%2B%2F%2BlcWp8gptnN4WeuJ4srLSr%2B8InawbuEA4TCQZmL0r0ylaSryzD8vB%2BMbMgbfypB4MVDYK6ZJiAKflPYjlSiNDHkvkTwyZPfUWtBBJlfp4yYJbDaoX8n7NInMCsH%2FrGZSPtYhvnByRr3ZBl0ZvyqZcKj5hQ%3D%3D%7Ctkp%3ABk9SR8Cr19jqZQ,2025-06-09 12:34:17.043171
ebay,iphone 13,128GB,unlocked,299.99,Excellent - Refurbished,https://www.ebay.com/itm/276730013923?_skw=iPhone+13&epid=11049276145&hash=item406e64e8e3:g:6KYAAOSwrhNk2~VM&itmprp=enc%3AAQAKAAAAwFkggFvd1GGDu0w3yXCmi1fE8oX6bsoRllRyJOPuJhRfMrMA3l%2FY5jnsj4y8ZGbhtfD2kO8SaSG4d6iz0hiwP2RRGI1ZivZ9R1o%2F2%2FsLSSDgkMw99Bz4JFw9H1RQJuwZ1B4vfWWLeBtNq69jahoeWaHKvj7G224ZEoQ57n5jmqnVh36yO8G7oQPBTZkLskrd%2BAL05Rzx8NPoAogELLL9HFZGR%2FlNcgvHg6hzJO8rrc9gME05i7uFStFVEjVlPaaIwg%3D%3D%7Ctkp%3ABk9SR8Kr19jqZQ,2025-06-09 12:34:17.045173
ebay,iphone 13 pro max,128GB,unlocked,459.99,Very Good - Refurbished,https://www.ebay.com/itm/388460403112?_skw=iPhone+13&epid=10049287446&hash=item5a720b59a8:g:woMAAOSwtztnt8rm&itmprp=enc%3AAQAKAAAAwFkggFvd1GGDu0w3yXCmi1fUK1UOS3%2BQLbLR%2BEEdS4skP1TG6XZWgOishIaweywv%2FzaUetN9M1fD91ffsovIPUr9oWe1lUu6UqNtshM6DYESVZkYe1XLICLfrwhzlvJ9WnXbxYdtRXKKFZjH1RmSj4rC2gE9efvvRAqq%2B5VPG0qEbQjudmJLcljFt3TDLgnr4IT9Yo%2FGECpuvqCj42iAXADqLcW6GLJFoyfMQcUrKJNBw3SBsICooTZHNU%2BGKX%2BMQw%3D%3D%7Ctkp%3ABk9SR8Kr19jqZQ,2025-06-09 12:34:17.045173
ebay,iphone 13,128GB,unlocked,419.0,Brand New,https://www.ebay.com/itm/284975177442?_skw=iPhone+13&epid=11049276145&hash=item4259d81ee2:g:1eAAAOSwzQliIPaw&itmprp=enc%3AAQAKAAAAwFkggFvd1GGDu0w3yXCmi1eSl3Mf%2FnZjsl44IQBgPPYURPinplOMDgzSIL68zT1qjmvJo5l2Tq%2B%2B2BU5veG95WF8H%2F6Ou9RtJ8uTSxRTzR2fgv%2FOQLaFK%2BOVclWZTo5JVn4rcyX5BprzOdL5x7AEeNGxOljq6uu3gVmUjTRdGEptD0BtcUBXeCyKQF6vVlAJ9wPO9e2aeNuD%2FKaggTo9tZ7%2F8lAtdDTnAKYX%2F60MD3%2F4B%2B8Jiwzq3gOAXH1%2Fud3rQg%3D%3D%7Ctkp%3ABk9SR8Kr19jqZQ,2025-06-09 12:34:17.046172
ebay,iphone 13 pro max,128GB,unlocked,424.99,Pre-Owned,https://www.ebay.com/itm/326450434706?_skw=iPhone+13&epid=10049287446&hash=item4c01f65292:g:Z44AAOSwpPFl3RJ9&itmprp=enc%3AAQAKAAAA4FkggFvd1GGDu0w3yXCmi1e3yJ1EOkUBLa36DBfD8vdD%2BcKEMLnoubcfQXLims8GhWmpksplEn6QLZgKLEw18QlQ3H18Q%2FnvkdLueaA3%2FrZgnDMSQy6GbdgWSor1SUhcYUsJaRxCO5zhj56LVJpYlufjHaIBdDK9b4ftcE%2Bww3arwgz9JBTk2jbiRuXjCEUK0C6fFnZqS0qWIrIqZD3tZtJTEJH3unWGjHsEYfdtvH8qNYEw3C4IlZZSqH7u5iJ5YkzJDaeW8HSQllt4PhgfZL%2Fl8GxUevN3SdwuhmWsysFc%7Ctkp%3ABk9SR8Sr19jqZQ,2025-06-09 12:34:17.049176
ebay,iphone 13,128GB,unknown,269.55,Very Good - Refurbished,https://www.ebay.com/itm/187219816281?_skw=iPhone+13&epid=16064993658&hash=item2b972baf59:g:ROAAAOSwUxFoEqJS&itmprp=enc%3AAQAKAAAA4FkggFvd1GGDu0w3yXCmi1eKNxAf9Nle5kT1eJ6DsDQplzlpwd43TwwwzWDB8mROa1yXshkTmyoARts1o%2FQVyrR7I%2BbeN70DoC8qa4efVFf85BdKsCBx6KQEpMq%2FRoy59RG0PuLYNvg43ceBlqcmFQd24UFb5WV2LvqyWcHtAVTYWe3BDubesCxuzE8G%2FVq7Y3QkxEqccvs9DKS5J9ebJnbIf2VOFZi62f5Iui1AzoS56eqDI4zgllIeabm6dVA14Ynd7Mpu6mpEcF6UvVtDaZYoljCduHND%2FuFFIjR5H4Po%7Ctkp%3ABk9SR8Sr19jqZQ,2025-06-09 12:34:17.049176
ebay,iphone 13,128GB,unknown,259.55,Very Good - Refurbished,https://www.ebay.com/itm/226541103539?_skw=iPhone+13&epid=16064993658&hash=item34bee6e9b3:g:SkEAAOSw~nVlSqFO&itmprp=enc%3AAQAKAAAA4FkggFvd1GGDu0w3yXCmi1cwnhc%2BE%2BXTQ7BcW5DLkrRtbz%2Bz4UzlgMfhOyJO%2Bkj6%2F1XGej841TBnx%2B5wueEIX2Urd7fL%2Be2rtFQaAX%2Fx9rq7QyKAv%2FE1HZaMLnb7pp%2Bl4Mvdp7iqES%2FzbaGgkxxdR%2BYn810yMrrLWT7a6OFpgjDKGcBb3TL2urtHe1HcthsyNpIkBev7c0bQKTyT%2FsWYJuYJlRIp7k8IFuj4q32aoykrlu834rVlpXN6qSSx4Z2Uwm1GmNVtAfMHqvn3AMWqct0Dz6fkqjcK5T%2BfxOS09evy%7Ctkp%3ABk9SR8Sr19jqZQ,2025-06-09 12:34:17.050609
ebay,iphone 13,128GB,unknown,212.99,Pre-Owned,https://www.ebay.com/itm/176484930260?_skw=iPhone+13&epid=16064993658&hash=item29175252d4:g:Jx4AAOSwYSNmnuQp&itmprp=enc%3AAQAKAAAA8FkggFvd1GGDu0w3yXCmi1cO48Rioq1xY3pEbQZ%2Fas2R7p0%2FlW8Ov%2BpRbxx443ktFAN7r7uSWvrfn8GWsjNr5luVMe0Ryp7VnjhTmyY%2BksdUBTxBxk8rUBuk%2B2Vc18aGW6MsU7%2BkEAq7flD1dqipp4CdJvpFMeiMIxWUqwlkEU%2ByibsSQc1Ywh7NJ7ylMIuM7%2BjhdUQiOWT%2FVoK8rJ7g38ODvNcNiFsNQzkQDr6CZ8xOB9THCxtHavdulIOFmvltlqfIZ7NJm7yvBH%2FcPMTZ1enDnghAxHwywsrqEizeaVwb4Ar8IU1kMdk3lZKM7XL4wQ%3D%3D%7Ctkp%3ABk9SR8Sr19jqZQ,2025-06-09 12:34:17.053095
ebay,iphone 13 mini,256GB,unlocked,319.95,Excellent - Refurbished,https://www.ebay.com/itm/304517572872?_skw=iPhone+13&epid=13049280906&hash=item46e6a96908:g:FxsAAOSwe85lDb2v&itmprp=enc%3AAQAKAAAA0FkggFvd1GGDu0w3yXCmi1fvB8MEwT5PSTda4L7BzHoidL8tFxK9osZWsg56IfL%2Bs5OFk5uZ4Ad%2Fzkj0k03vSeh%2F9%2FKERZxdVVG2ehzupEg%2BdCqT8%2FPwQu6jG9dZfeAwYNmPbMwNlPpu55Uk2gtf3NY2QCahSy4nA%2F62KKgf0Kn2%2F5WJuBmiAN%2F9VhkWvTfSlSleIhdioku9ObMpFTXKMrcqF9ta5eFQZqQdmtBCF3aXMrSelEBQ5grRB1dkA3a02Njz3IYeBf0MWobmbjaVF84%3D%7Ctkp%3ABk9SR8Sr19jqZQ,2025-06-09 12:34:17.053095
ebay,iphone 13,256GB,unlocked,319.0,Excellent - Refurbished,https://www.ebay.com/itm/126995542032?_skw=iPhone+13&epid=8049288706&hash=item1d91863010:g:E9UAAOSwVgBjoaz2&itmprp=enc%3AAQAKAAAA4FkggFvd1GGDu0w3yXCmi1fRONJQgh2CBwwRZrsIYUKPa8uxCtqJxA3rk1FLx6Q%2BcyNMBj4GUnLWokAENJ8afbApZLWUkptTDqNqPNK5sYfeBx2nQdNeI4OtUPpqcolGPh%2B9XcL1L%2FSo30iYD8YvKij5swTQWIJIWTYqdagsHfJR2QK6hxCHnIECcTzWraDQLCt7halKyBXtE4odLRXf0%2ByB2l2knu%2FPBKaENH2UoaoS4PnlWMc6qnWJeGlkY7FxnIx72hfOpHY4sEiWzXDO6x5h7Zhc7ZGrm6mp4%2Bhfxcov%7Ctkp%3ABk9SR8Sr19jqZQ,2025-06-09 12:34:17.055610
ebay,iphone 13 pro,128GB,unlocked,239.94,Pre-Owned,https://www.ebay.com/itm/256536164984?_skw=iPhone+13&epid=27049276471&hash=item3bbabf3a78:g:bPAAAOSwCMZmYhkr&itmprp=enc%3AAQAKAAAA8FkggFvd1GGDu0w3yXCmi1fyU77tdB58r0dISKjJA2MTlhjmZQEe41n9m%2B%2BRrLN3Ro3Xqr5vR2ZwdviAh42CBLnkqb6A1fsETrRWkicB2r0ttO5X8GhMkXGIRc5IUJ2JeRpacyCiG28ZMFM7Vb8ov1iqEijE3d%2B1MZdlRwru3AhT2AXOjmMj2QTMNWIKATNdkuY8MkxbDXoJ7T2EpDZ3cRd%2BXYcrnPTGA2ILLaTeuAJxElugpwPtTwEsZSlM0u6OamHXDLt2ob9Bw2CHGCXcYGY0421uACEAJfXk2jvxw6dHu7ErPOfPI7pmxABRZs90wQ%3D%3D%7Ctkp%3ABk9SR8Sr19jqZQ,2025-06-09 12:34:17.056116
ebay,iphone 13 mini,512GB,unlocked,545.99,Brand New,https://www.ebay.com/itm/364623087951?_skw=iPhone+13&epid=12049274330&hash=item54e53ac94f:g:zpAAAOSwiMJldTkH&itmprp=enc%3AAQAKAAAA0FkggFvd1GGDu0w3yXCmi1f%2BfR%2BOpx5uOzj89tgEu9wzeocpd2TOY6mJPNzt8BVKN9PLsgSoPukRVyncDCtfFoukMY7Gas2awvBrdsWutik59lrXvafcSWxNDbh0x5PK3bcoz3kX8Gbx40PXiVgkUPacpbvidAGHhoU7QaveUmsygAB5TugdrTkkqZOGc9jyInt7ioH38M1E21YALrZi4Gh2xRULBmZdqQR83xQ0ys2BITd%2FZ3kDkx3Z0B82GUrnVezoliZLKbJx1I%2FyTW1Kr7M%3D%7Ctkp%3ABk9SR8Sr19jqZQ,2025-06-09 12:34:17.056116
